Keskusta|Kuopio|K|1962|2396|230000|96|Puijonkatu 1 A
Särkiniemi|Kuopio|K|1969|1547|99000|64|Lohkaretie 11 C
Keskusta|Kuopio|K|1961|3960|99000|25|Snellmanninkatu 13
Neulamäki|Kuopio|R|1983|1702|137000|80.5|Mahlatie 3 A
Saaristokaupunki|Kuopio|R|2027|3097|284900|92|Pankkopolku 14 A 6
Saaristokaupunki|Kuopio|R|2027|3185|238900|75|Pankkopolku 14 A 5
Saaristokaupunki|Kuopio|R|2027|3185|238900|75|Pankkopolku 14 A 3
Saaristokaupunki|Kuopio|R|2027|3185|238900|75|Pankkopolku 14 A 4
Saaristokaupunki|Kuopio|R|2027|3185|238900|75|Pankkopolku 14 A 2
Keskusta|Kuopio|K|2021|5843|149000|25.5|Suokatu 29 A
Hatsala|Kuopio|K|2023|4387|136000|31|Hannes Kolehmaisen katu 9 A
Keskusta|Kuopio|K|2019|3750|135000|36|Puijonkatu 29 A
Saaristokaupunki|Kuopio|R|2023|3152|249000|79|Pirtinkaari 24 D
Puijonlaakso|Kuopio|K|2021|5306|130000|24.5|Taivaanpankontie 27 C
Särkilahti|Kuopio|R|2000|2228|205000|92|Mateenmutka 10 A
Hiltulanlahti|Kuopio|O|2005|2082|229000|110|Hirvimäentie 220
Juankoski|Kuopio|O|0|627|79000|126|Vanhanradantie 36
Rönö|Kuopio|O|2020|4904|1280000|261|Tiilisaarenkuja 5
Hiltulanlahti|Kuopio|O|2021|2953|375000|127|Nuolimäenrinne 26
Litmanen|Kuopio|R|1990|1506|119000|79|Litmasenkuja 1 A
Jynkkä|Kuopio|R|2003|577|75000|130|Jääskelänkatu 7
Rahusenkangas|Kuopio|R|1989|2038|159000|78|Ritosentie 20 B
Linnanpelto|Kuopio|K|1961|2180|139500|64|Kalevalankatu 47 C
Männistö|Kuopio|K|1971|1169|69000|59|Untamonkatu 14
Niirala|Kuopio|K|2007|2983|176000|59|Niiralankatu 17 A
Keskusta|Kuopio|K|1960|3070|175000|57|Kuopionlahdenkatu 6-8 C
Puijonlaakso|Kuopio|K|1965|2045|90000|44|Luistelijantie 5
Päivärinteentie 31 A 13|Kuopio|K|2026|4811|255000|53|Päivärinteentie 31 A 13
Jynkkä|Kuopio|R|2021|3247|315000|97|Yötarhankuja 1
Puijonlaakso|Kuopio|K|2018|3197|235000|73.5|Taivaanpankontie 10
Palonurmi|Kuopio|O|2008|2209|296000|134|Alakoskentie 195
Vatilahti|Kuopio|O|1981|2580|449000|174|Vatiniementie 56
Kortejoki|Kuopio|O|2004|1412|370000|262|Savonkaarteentie 47
Niirala|Kuopio|O|1955|1417|265000|187|Omakotitie 72
Puijonlaakso|Kuopio|K|1964|1897|129000|68|Hiihtäjäntie 15 B
Savilahti|Kuopio|K|2024|508|34066|67|Sarastuskaari 14
Riistavesi|Kuopio|R|1989|818|65000|79.5|Kievaritie 13 as
Pirtti|Kuopio|O|1998|2091|299000|143|Tanskanpolku 7
Savolanniemi|Kuopio|R|2019|2850|218000|76.5|Auringonkierto 2 A
Neulamäki|Kuopio|R|1986|1608|119000|74|Jaamantie 34 C
Nilsiä|Kuopio|O|1981|547|35000|64|Rouskutie 6
Rypysuo|Kuopio|O|1972|1363|167000|122.5|Mustikkatie 18
Pirttiniemi|Kuopio|O|2018|2721|630000|231.5|Taimenkatu 4
Keskusta|Kuopio|K|2025|5300|318000|60|Maaherrankatu 25 B 9
Keskusta|Kuopio|K|2025|5080|152400|30|Maaherrankatu 25 C 5
Riistavesi|Kuopio|O|1983|2202|229000|104|Peltokuja 5
Pirttiniemi|Kuopio|R|2020|3679|355000|96.5|Suusaarenkierto 20 as
Saaristokaupunki|Kuopio|K|2019|3000|138000|46|Paloniementie 1 A
Jynkänvuori|Kuopio|K|2019|3060|127000|41.5|Vanhankallionkatu 11 B
Jynkänvuori|Kuopio|R|2013|2565|245000|95.5|Jynkänvuorenkatu 2
Haapaniemi|Kuopio|K|1984|1974|149000|75.5|Lehtoniemenkatu 4
Maaninka|Kuopio|R|1974|594|19000|32|Hilimantie 6 A
Karttula|Kuopio|R|1988|650|26000|40|Pankkitie 5 A
Päiväranta|Kuopio|K|2018|3408|121000|35.5|Keski-Kaari 52
Petonen|Kuopio|R|1992|2000|119000|59.5|Nuotiokuja 4 D
Särkilahti|Kuopio|R|2000|2106|199000|94.5|Mateenmutka 8 A
Pajulahti|Kuopio|O|1989|1560|209000|134|Pellonperäntie 11
Lehtoniemi|Kuopio|K|2014|2963|118500|40|Lehtoniementie 116 A
Männistö|Kuopio|K|1968|1000|59000|59|Lönnrotinkatu 10 C
Pirttiniemi|Kuopio|R|2016|2726|289000|106|Taimenkatu 17 A 2
Männistö|Kuopio|K|1958|2224|109000|49|Pohjolankatu 5 A
Keskusta|Kuopio|K|1982|2094|134000|64|Niemenkatu 18
Pelonniemi|Kuopio|O|1987|760|79000|104|Susiniementie 154
Keskusta|Kuopio|K|2025|4989|354200|71|Maaherrankatu 25 C 18
Keskusta|Kuopio|K|2025|4638|317700|68.5|Maaherrankatu 25 C 10
Puijonlaakso|Kuopio|K|1970|2008|119500|59.5|Sompatie 3 H
Saaristokaupunki|Kuopio|O|2008|2366|336000|142|Tervalammenkatu 14
Väinölänniemi|Kuopio|K|2007|3563|269000|75.5|Minna Canthin katu 6
Keskusta|Kuopio|K|2025|5719|163000|28.5|Maaherrankatu 25 C 2
Saaristokaupunki|Kuopio|K|2017|2767|119000|43|Kanavaharjunkatu 6 A
Haapaniemi|Kuopio|K|1979|1232|69000|56|Kaartokatu 15
Syvänniemi|Kuopio|O|1985|1326|175000|132|Kuttajärventie 135
Käränkä|Kuopio|K|2018|2716|129000|47.5|Kärängänkatu 8 C
Saaristokaupunki|Kuopio|K|2017|3410|104000|30.5|Kanavaharjunkatu 6 A
Käränkä|Kuopio|K|2018|3493|117000|33.5|Kärängänkatu 8 A
Neulamäki|Kuopio|R|1981|1400|119000|85|Petkelkuja 2 B
Niirala|Kuopio|K|1961|2688|89500|33.3|Valkeisenkatu 10-12
Keskusta|Kuopio|K|2025|5297|158900|30|Maaherrankatu 25 C 19
Savolanniemi|/ Saaristokaupunki Kuopio|O|2014|3085|435000|141|Savolanniityntie 2
Keskusta|Kuopio|K|2009|3578|229000|64|Itkonniemenkatu 2
Hiltulanlahti|Kuopio|O|2021|3108|345000|111|Nuolimäenrinne 5
Keskusta|Kuopio|K|1953|1690|109000|64.5|Sairaalakatu 13 B
Haapaniemi|Kuopio|K|2027|4443|239900|54|Haapaniementie 16 A27
Haapaniemi|Kuopio|K|2027|3955|274900|69.5|Haapaniementie 16 A17
Päiväranta|Kuopio|R|1980|1654|172000|104|Visakuja 9
Niirala|Kuopio|R|1956|2621|228000|87|Lehtikuusikontie 3
Keskusta|Kuopio|K|1981|2658|295000|111|Piispankatu 2
Saaristokaupunki|Kuopio|R|2027|3111|308000|99|Lehtoniementie 154 A 3
Hiltulanlahti|Kuopio|O|2020|2746|379000|138|Kaunismäenrinne 20
Särkiniemi|Kuopio|K|1971|1281|98000|76.5|Lohkaretie 7 E
Keskusta|Kuopio|K|1953|3132|238000|76|Torikatu 27
Saaristokaupunki|Kuopio|R|2027|3059|260000|85|Lehtoniementie 154 B 4
Saaristokaupunki|Kuopio|O|2026|3324|359000|108|Mutkankatu 14 E
Saaristokaupunki|Kuopio|O|2026|3231|349000|108|Mutkankatu 14 D
Saaristokaupunki|Kuopio|O|2026|3231|349000|108|Mutkankatu 14 C
Neulamäki|Kuopio|R|1986|1688|135000|80|Mahlatie 9
Saaristokaupunki|Kuopio|O|2026|3417|369000|108|Mutkankatu 14 B
Saaristokaupunki|Kuopio|O|2026|3324|359000|108|Mutkankatu 14 A
Puijonlaakso|Kuopio|K|2018|4710|146000|31|Taivaanpankontie 10 C A
Puijonlaakso|Kuopio|K|1968|2460|153000|62.2|Taivaanpankontie 16 B
Petonen|Kuopio|R|1988|1680|142000|84.5|Tattikuja 2
Keskusta|Kuopio|K|1965|2224|149000|67|Asemakatu 18
Lehtoniemi|Kuopio|R|2013|2657|279000|105|Kotilokatu 11
Petonen|Kuopio|O|1988|1551|259000|167|Hiirihaukantie 21
Petonen|Kuopio|R|2015|2617|123000|47|Porkkanakatu 5 A
Puijonlaakso|Kuopio|K|2023|3409|254000|74.5|Luistelijantie 4
Pihlajalaakso|Kuopio|K|2016|3115|162000|52|Poukamankatu 8
Inkilänmäki|Kuopio|K|1973|611|44000|72|Inkilänmäenkatu 22
Levänen|Kuopio|K|1978|554|31000|56|Myllärintie 36
Savolanniemi|Kuopio|R|2016|2220|282000|127|Varraspolku 1
Niirala|Kuopio|K|1966|1317|68500|52|Rajakatu 5
Männistö|Kuopio|K|1989|1274|79000|62|Tellervonkatu 7 A
Saarijärvi|B Kuopio|K|1973|658|52000|79|Saarijärventie 2 E
Keskusta|Kuopio|K|2009|2807|153000|54.5|Snellmaninkatu 37 B
Keskusta|Kuopio|K|2022|4193|174000|41.5|Puutarhakatu 11 C
Nilsiä|Kuopio|O|1986|602|59900|99.5|Lastukoskentie 1268
Hiltulanlahti|Kuopio|R|2024|2809|257000|91.5|Kaunismäenkatu 2
Keskusta|Kuopio|K|2025|4962|339900|68.5|Maaherrankatu 25 C 23
Saaristokatu 45|Kuopio|K|2017|4535|229000|50.5|Saaristokatu 45
Puijonlaakso|Kuopio|K|2021|3553|183000|51.5|Taivaanpankontie 27c
Saarijärvi|Kuopio|K|1972|1355|84000|62|Annikintie 1 B
Niirala|Kuopio|K|2008|2644|156000|59|Niiralankatu 19 A
Päiväranta|Kuopio|K|1968|1386|79000|57|Lakeissuontie 13
Saarijärvi|A Kuopio|K|1973|1620|115000|71|Annikintie 6 A
Keilankanta|Kuopio|K|2014|2543|178000|70|Kanavanranta 7
Saaristokaupunki|Kuopio|R|2013|2738|219000|80|Jynkänvuorenkatu 2 A C
Puijonlaakso|Kuopio|K|2018|4471|114000|25.5|Taivaanpankontie 10 B A
Särkiniemi|Kuopio|K|1969|1849|135000|73|Lohkaretie 9
Hiltulanlahti|Kuopio|R|2024|2943|259000|88|Leppälinnunpolku 8A
Kaislastenlahti|Kuopio|O|2018|3176|289000|91|Lammasjärventie 27
Savolanniemi|Kuopio|R|2006|2431|175000|72|Rantaraitti 6 G
Männistö|Kuopio|K|2019|3173|165000|52|Kalevalankatu 33 A
Keskusta|Kuopio|K|1968|2993|220000|73.5|Vuorikatu 31-33 C
Lehtoniemi|Kuopio|K|2018|593|22232|37.5|Kaivannonlahdenkatu 3 A 32
Neulamäki|Kuopio|K|1985|1000|53000|53|Kantotie 6 A
Nilsiä|Kuopio|R|1990|971|68000|70|Väinöntie 20 A
Männistö|Kuopio|K|1972|1958|94000|48|Männistönkatu 16 A
Kärkkäälä|Kuopio|O|1957|975|78000|80|Kärkkääläntie 1769
Männistö|Kuopio|K|1985|1711|65000|38|Männistönkatu 14 A
Keskusta|Kuopio|K|1984|3172|249000|78.5|Satamakatu 3
Keskusta|Kuopio|K|1962|1488|125000|84|Minna Canthinkatu 34
Linnanpelto|Kuopio|R|1981|2231|357000|160|Salmelaisenkatu 21
Rahusenkangas|Kuopio|R|2005|2183|275000|126|RITOSENTIE 2 B 7
Hiltulanlahti|Kuopio|R|2021|2657|279000|105|Nuolimäenrinne 9
Niirala|Kuopio|K|2017|5303|639000|120.5|Kalliokatu 2
Jynkkä|Kuopio|R|1977|1563|125000|80|Härkätie 39
Keskusta|Kuopio|K|1985|3265|240000|73.5|Kirkkokatu 4
Petonen|Kuopio|K|1989|1118|95000|85|Pyörönkaari 15 A
Pirtti|Kuopio|R|1996|2600|195000|75|Orsitie 9
Haapaniemi|Kuopio|R|1938|1878|139000|74|Presidentinkatu 25 as
Saaristokaupunki|Kuopio|O|2014|2100|315000|150|Luhastensalonkatu 32
Saaristokaupunki|Kuopio|K|2015|3897|304000|78|Järvihelmenkatu 11 B
Lehtoniemi|Kuopio|K|2012|2748|169000|61.5|Kanavaharjunkatu 14 A
Saaristokaupunki|Kuopio|O|2009|2401|329000|137|Kattilarinne 16
Maljalahti|Kuopio|K|2024|5081|254057|50|Sammonkatu 26 A 23
Keskusta|Kuopio|K|2023|4919|243500|49.5|Maljalahdenkatu 17 A
Savolanniemi|Kuopio|R|2024|3860|359000|93|Kuunsilta 10 B
Lehtoniemi|Kuopio|K|2017|2767|119000|43|Kanavaharjunkatu 6 A
Saaristokaupunki|Kuopio|R|2015|2732|194000|71|Rautokannantie 17 D
Hiltulanlahti|Kuopio|R|2013|2327|249000|107|Auringonnousuntie 9 as 2
Keskusta|Kuopio|K|2007|3140|168000|53.5|Piispankatu 14 B
Saaristokaupunki|Kuopio|R|2010|2448|175000|71.5|Saunaniitynkatu 2 E
Lehtoniemi|Kuopio|K|2017|2541|169000|66.5|Kanavaharjunkatu 6 A
Lehtoniemi|Kuopio|K|2012|2297|232000|101|Lintuluoto 5 B
Lehtoniemi|Kuopio|R|2013|2514|279000|111|Kanavaharjunkatu 17 E
Jynkänvuori|Kuopio|K|2020|2868|185000|64.5|Vanhankallionkatu 8 A
Keskusta|Kuopio|K|1958|2257|186000|82.4|Mäkikatu 2 A
Saaristokaupunki|Kuopio|O|2003|2282|299000|131|Pölläkänlahdentie 8
Savolanniemi|Kuopio|R|2006|1989|184000|92.5|Kotirannankuja 12 C
Saaristokaupunki|Kuopio|R|2024|3000|252000|84|Susisalmenkatu 5 A 4
Lehtoniemi|Kuopio|K|2009|2486|179000|72|Lehtoniementie 98 A
Jynkkä|Kuopio|O|1979|1230|163000|132.5|Kirnukuja 14
Keskusta|Kuopio|K|2024|5358|359000|67|Sairaalakatu 4 A6
Linnanpelto|Kuopio|K|1955|2183|179000|82|Pohjolankatu 18 A
Lehtoniemi|Kuopio|K|2017|3410|104000|30.5|Kanavaharjunkatu 6 A
Julkula|Kuopio|R|1976|1598|163000|102|Saturannantie 5 B
Savolanniemi|Kuopio|K|2016|2692|175000|65|Kalakukonkatu 2 E
Saaristokaupunki|Kuopio|R|2024|2685|298000|111|Lehtoniementie 152 A
Keskusta|Kuopio|K|2011|3290|255000|77.5|Suokatu 35 A
Rahusenkangas|Kuopio|R|1949|1076|99000|92|Raitatie 8b
Juankoski|Kuopio|O|1999|611|69000|113|Jänissalmentie 106
Hiltulanlahti|Kuopio|R|2022|2632|319000|121.2|Ainolankatu 6
Päiväranta|Kuopio|K|1985|1976|82000|41.5|Kelokuja 11
Niirala|Kuopio|K|1952|2028|143000|70.5|Huuhankatu 40 as 1
Päivärinteentie 31 A 12|Kuopio|K|2026|4964|278000|56|Päivärinteentie 31 A 12
Keskusta|Kuopio|K|2022|4782|318000|66.5|Suokatu 25 B
Keskusta|Kuopio|K|1962|2450|98000|40|Kasarmikatu 4
Männistö|Kuopio|K|1970|1432|79500|55.5|Kalevalankatu 11
Rahusenkangas|Kuopio|O|1987|1974|229000|116|Ritosentie 35
Länsi-Puijo|Kuopio|R|1973|768|157000|204.5|Puolukkatie 19
Linnanpelto|Kuopio|K|0|4506|196000|43.5|Killisenkatu 18 A 5
Linnanpelto|Kuopio|K|0|3665|295000|80.5|Killisenkatu 18 A 9
Linnanpelto|Kuopio|K|0|4031|385000|95.5|Killisenkatu 18 A 10
Saaristokaupunki|Kuopio|K|2019|506|21739|43|Paloniementie 5
Keskusta|Kuopio|K|1970|2697|209000|77.5|Savonkatu 5 A
Kelloniemi|Kuopio|K|1976|1346|70000|52|Luotsitie 18
Puijonlaakso|Kuopio|K|1966|2272|129500|57|Luistelijantie 2
Neulamäki|Kuopio|K|1984|1440|72000|50|Metsurintie 11 B
Julkula|Kuopio|O|1974|1173|129000|110|Suviniementie 2
Päivärinteentie 31 A 2|Kuopio|K|2026|4939|326000|66|Päivärinteentie 31 A 2
Keskusta|Kuopio|K|1975|1588|94500|59.5|Puijonkatu 9
Saaristokaupunki|Kuopio|R|2027|3059|260000|85|Lehtoniementie 154 B 5
Saaristokaupunki|Kuopio|R|2027|3141|267000|85|Lehtoniementie 154 A 2
Keskusta|Kuopio|K|0|5719|163000|28.5|Maaherrankatu 25 C 2
Keskusta|Kuopio|K|0|4708|226000|48|Maaherrankatu 25 C 1
Keskusta|Kuopio|K|0|4956|223000|45|Maaherrankatu 25 B 12
Keskusta|Kuopio|K|0|4957|171000|34.5|Maaherrankatu 25 B 10
Keskusta|Kuopio|K|2015|3766|209000|55.5|Kauppakatu 49 C
Keskusta|Kuopio|K|1914|2844|219000|77|Kauppakatu 13
Männistö|Kuopio|K|1959|1408|69000|49|Untamonkatu 10
Väinölänniemi|Kuopio|K|1985|3319|239000|72|Satamakatu 3
Lehtoniemi|Kuopio|K|2009|3407|155000|45.5|Lehtoniementie 98 A
Neulamäki|Kuopio|K|1985|1280|96000|75|Metsurintie 17 D
Haapaniemi|Kuopio|K|1961|915|54000|59|Tehdaskatu 7 A
Saaristokaupunki|Kuopio|R|2020|2926|237000|81|Kivirinne 5
Keskusta|Kuopio|K|2007|3287|235000|71.5|Lukkarinkatu 1
Saaristokaupunki|Kuopio|K|2024|3072|149000|48.5|Lehtoniementie 133
Männistö|Kuopio|K|1983|1897|129000|68|Lönnrotinkatu 13
Jynkkä|Kuopio|R|1980|1523|169000|111|Siiviläkuja 1
Keskusta|Kuopio|K|2025|4429|228100|51.5|Maaherrankatu 25 C 7
Keskusta|Kuopio|K|0|4387|261000|59.5|Maaherrankatu 25 C 3
Keskusta|Kuopio|K|0|4786|232100|48.5|Maaherrankatu 25 B 7
Keskusta|Kuopio|K|0|5300|318000|60|Maaherrankatu 25 B 9
Keskusta|Kuopio|K|0|4926|234000|47.5|Maaherrankatu 25 C 8
Keskusta|Kuopio|K|0|5080|152400|30|Maaherrankatu 25 C 5
Keskusta|Kuopio|K|0|5732|151900|26.5|Maaherrankatu 25 C 13
Puijonlaakso|Kuopio|K|1967|1909|105000|55|Suunnistajantie 7
Keskusta|Kuopio|K|1995|2644|119000|45|Puijonkatu 28
Saaristokaupunki|Kuopio|R|2012|2084|249000|119.5|Hiidenkatu 1 C
Nilsiä|Kuopio|O|1988|1380|149000|108|Pajunkierto 63
Peipposenrinne|Kuopio|O|1992|1809|255000|141|Tiaisenpolku 26
Levänen|Kuopio|R|1990|1457|145000|99.5|Kahakuja 13 A
Keskusta|Kuopio|K|1961|2975|119000|40|Haapaniemenkatu 27
Keskusta|Kuopio|K|1942|2739|189000|69|Kuninkaankatu 27 A
Pihlajalaakso|Kuopio|K|2015|521|35967|69|Poukamankatu 11 A 16
Julkula|Kuopio|R|1976|1649|169000|102.5|Saturannantie 5 B
Julkula|Kuopio|R|1989|1783|107000|60|Puijonsarventie 13
Keskusta|Kuopio|K|1993|2283|129000|56.5|Kauppakatu 65
Litmanen|Kuopio|R|1989|1824|135000|74|Litmasenkuja 2 A
Lehtoniemi|Kuopio|R|2013|2492|309000|124|Kanavaharjunkatu 12
Lehtoniemi|Kuopio|K|2014|2496|176000|70.5|Kanavanranta 7
Puijonlaakso|Kuopio|K|1977|991|55000|55.5|Retkeilijäntie 9 I
Jynkkä|Kuopio|R|1984|1538|123000|80|Rasinkuja 2 C
Männistö|Kuopio|K|1974|1094|58000|53|Lönnrotinkatu 7
Keskusta|Kuopio|K|0|6450|167700|26|Maaherrankatu 25 C 16
Keskusta|Kuopio|K|0|4583|236000|51.5|Maaherrankatu 25 C 14
Keskusta|Kuopio|K|0|4669|331500|71|Maaherrankatu 25 C 4
Keskusta|Kuopio|K|0|5397|161900|30|Maaherrankatu 25 C 25
Keskusta|Kuopio|K|1962|2414|134000|55.5|Kirkkokatu 37 A
Keskusta|Kuopio|K|1965|2311|119000|51.5|Kuopionlahdenkatu 29 A
Haapaniemi|Kuopio|K|1956|1370|58900|43|Tasavallankatu 37 C
Hatsala|Kuopio|K|2026|5259|142000|27|Hannes Kolehmaisen katu 11 A 46
Niirala|Kuopio|K|1964|2491|132000|53|Niiralankatu 12
Linnanpelto|Kuopio|K|1959|1595|59000|37|Kalevalankatu 49
Keskusta|Kuopio|K|1952|2340|179000|76.5|Savonkatu 25
Jynkkä|/ Litmanen Kuopio|O|1993|1648|220000|133.5|Viikatekuja 7
Nilsiä|Kuopio|K|1988|673|34000|50.5|Koulupolku 13
Keskusta|Kuopio|K|1958|2529|220000|87|Asemakatu 28
Pitkälahti|Kuopio|O|2005|5057|885000|175|Vahverotie 25
Levänen|Kuopio|R|1979|1063|85000|80|Leväsentie 28
Hiltulanlahti|Kuopio|O|1990|1924|279000|145|Hirvimäentie 34
Julkula|Kuopio|R|1979|1672|199000|119|Puijonsarventie 29 B
Keskusta|Kuopio|K|1962|2974|348000|117|Haapaniemenkatu 8
Keskusta|Kuopio|K|1955|2288|119000|52|Suokatu 43 B
Keskusta|Kuopio|K|1983|3844|246000|64|Haapaniemenkatu 40
Vanhakeyritty|Kuopio|O|1982|540|68000|126|Huutoniemi 40
Saaristokaupunki|Kuopio|R|2027|3043|286000|94|Lehtoniementie 154 B 2
Savilahti|Kuopio|K|2024|512|37874|74|Sarastuskaari 14
Neulamäki|Kuopio|K|1982|1534|89000|58|Neulamäentie 18 D
Hiltulanlahti|Kuopio|R|2021|3244|146000|45|Leinikinkatu  1 c 6
Lehtoniemi|Kuopio|R|2022|3351|315000|94|Kanavanranta 21 A
Jynkkä|Kuopio|O|1980|1410|172000|122|Katvekuja 3
Keskusta|Kuopio|K|1983|3062|99500|32.5|Myhkyrinkatu 16
Saarijärvi|A Kuopio|K|1971|2179|85000|39|Annikintie 2 A
Haapaniemi|Kuopio|K|2027|4971|449900|90.5|Haapaniementie 16 A 24
Haapaniemi|Kuopio|K|2027|4461|124900|28|Haapaniementie 16 A 5
Niirala|Kuopio|K|2007|3319|239000|72|Niiralankatu 17 A
Haapaniemi|Kuopio|K|2027|4512|148900|33|Haapaniementie 16 A 4
Haapaniemi|Kuopio|K|2027|4999|419900|84|Haapaniementie 16 A 25
Haapaniemi|Kuopio|K|2027|4350|234900|54|Haapaniementie 16 A 23
Haapaniemi|Kuopio|K|2027|4341|214900|49.5|Haapaniementie 16 A 9
Haapaniemi|Kuopio|K|2027|4099|284900|69.5|Haapaniementie 16 A 22
Puijonlaakso|Kuopio|K|1970|1857|169000|91|Sompatie 3 A
Haapaniemi|Kuopio|K|2027|5474|125900|23|Haapaniementie 16 A 13
Haapaniemi|Kuopio|K|2027|4248|254900|60|Haapaniementie 16 A 8
Saaristokaupunki|Kuopio|K|2015|3705|289000|78|Järvihelmenkatu 11
Puijonlaakso|Kuopio|K|2021|564|31878|56.5|Taivaanpankontie 27
Puijonlaakso|Kuopio|K|2021|605|34156|56.5|Taivaanpankontie 27
Haapaniemi|Kuopio|K|2020|571|38519|67.5|Kaartokatu 46
Haapaniemi|Kuopio|K|2020|609|29229|48|Kaartokatu 46
Julkula|Kuopio|K|2020|518|22519|43.5|Puijonsarventie 42
Männistö|Kuopio|K|1968|2304|79500|34.5|Lönnrotinkatu 10
Riistavesi|Kuopio|O|1978|1165|127000|109|Atrotie 5
Puijonlaakso|Kuopio|K|2018|3981|205000|51.5|Taivaanpankontie 10
Saaristokaupunki|Kuopio|R|2027|3117|293000|94|Lehtoniementie 154 A 4
Haapaniemi|Kuopio|K|1953|2333|119000|51|Haapaniementie 3
Linnanpelto|Kuopio|O|1956|1462|96500|66|Sibeliuksenkatu 11 As 3
Päivärinteentie 31 A 11|Kuopio|K|2026|5093|219000|43|Päivärinteentie 31 A 11
Keskusta|Kuopio|K|1962|1981|105000|53|Snellmaninkatu 22 B
Keskusta|Kuopio|K|2022|4230|129000|30.5|Puutarhakatu 11 C
Saaristokaupunki|Kuopio|R|2027|3141|267000|85|Lehtoniementie 154 A 5
Kurkimäki|Kuopio|O|1995|1973|369000|187|Lumpeisenranta 9
Keskusta|Kuopio|K|1968|3250|143000|44|Savonkatu 11
Männistö|Kuopio|K|1960|1793|104000|58|Kalevalankatu 18
Niirala|Kuopio|K|1954|1917|115000|60|Lehtikuusikontie 20 A
Lehtoniemi|Kuopio|K|2012|3660|172000|47|Helminauha 2 A
Hirvilahti|Kuopio|O|2007|2125|339000|159.5|Kielokalliontie 14
Särkiniemi|Kuopio|R|1969|1282|109000|85|Sammalniementie 1 E
Keskusta|Kuopio|K|2020|4270|269000|63|Tulliportinkatu 52 A
Saarijärvi|A Kuopio|K|1971|950|57000|60|Ilmarisentie 16 B
Puijonlaakso|Kuopio|R|1976|1285|158000|123|Samoilijantie 9
Keskusta|Kuopio|K|2019|3320|249000|75|Puijonkatu 29 A
Jynkkä|Kuopio|R|1981|1520|134500|88.5|Kirnukuja 6
Vehmersalmi|Kuopio|O|2011|2343|369000|157.5|Välketie 11
Keskusta|Kuopio|K|1963|2013|159000|79|Kuninkaankatu 18
Hatsala|Kuopio|K|2023|4682|398000|85|Hannes Kolehmaisen katu 9
Saaristokaupunki|Kuopio|R|2020|3052|325000|106.5|Kivirinne 5
Hatsala|Kuopio|K|2023|4630|125000|27|Hannes Kolehmaisen katu 9 A
Männistö|Kuopio|K|1983|2029|138000|68|Lönnrotinkatu 13
Linnanpelto|Kuopio|R|1923|1400|105000|75|Linnanpellonkatu 42 B
Neulamäki|Kuopio|K|1982|1075|79000|73.5|Metsurintie 8 E
Keskusta|Kuopio|K|2001|2864|169000|59|Myhkyrinkatu 18
Tiihotar|Kuopio|K|1974|938|75000|80|Ilmarisentie 20
Männistö|Kuopio|K|1971|1865|89500|48|Männistönkatu 20
Rahusenkangas|Kuopio|O|1957|1965|169000|86|Katajatie 2
Keskusta|Kuopio|K|1999|2895|165000|57|Tulliportinkatu 21
Haapaniemi|Kuopio|K|2013|3780|189000|50|Haapaniementie 4 A
Rönö|/ Keskusta Kuopio|R|1994|5907|889000|150.5|Rönöntie 13
Keskusta|Kuopio|K|1986|2500|95000|38|Tulliportinkatu 26
Keskusta|Kuopio|K|1963|2397|169000|70.5|Savonkatu 10 B
Kettulanlahti|Kuopio|O|1964|801|139000|173.5|Hirventie 13
Linnanpelto|Kuopio|R|1892|2200|495000|225|Vuorelankatu 18
Männistö|Kuopio|K|1971|1803|110000|61|Männistönkatu 20 A
Keskusta|Kuopio|K|2025|4737|450000|95|Maaherrankatu 25 B 15
Syvänniemi|Kuopio|O|0|1546|124000|80.2|Keihäskoskentie 129
Keskusta|Kuopio|K|2020|4230|162863|38.5|Tulliportinkatu 50 A
Puijonlaakso|Kuopio|K|2017|3398|186900|55|Taivaanpankontie 10
Neulamäki|Kuopio|R|1984|1240|93000|75|Leimaajantie 11
Niirala|Kuopio|K|0|2601|199000|76.5|Mustinlammenkatu 4 A
Keskusta|Kuopio|K|1923|2724|198000|72.7|Snellmaninkatu 32
Keskusta|Kuopio|K|1981|2387|185000|77.5|Kuninkaankatu 1 D
Litmanen|Kuopio|R|1989|2052|119000|58|Litmasenkaari 3 B
Haapaniemi|Kuopio|K|2027|4535|244900|54|Haapaniementie 16 A31
Haapaniemi|Kuopio|K|2027|4165|249900|60|Haapaniementie 16 A2
Haapaniemi|Kuopio|K|1985|2095|88000|42|Kumpukatu 10
Lehtoniemi|Kuopio|K|2024|4000|124000|31|Lehtoniementie 133 A
Keskusta|Kuopio|K|1966|3189|118000|37|Haapaniemenkatu 6 B
Lehtoniemi|Kuopio|K|2017|558|30674|55|Järvihelmenkatu 1 C 32
Multimäki/Keskusta|Kuopio|K|2015|3706|177900|48|Savonkatu 21 C
Käränkä|Kuopio|R|2012|3463|419000|121|Lintuluoto 5 A
Haapaniemi|Kuopio|K|2027|4761|399900|84|Haapaniementie 16 A21
Saarijärvi|Kuopio|K|1973|513|39000|76|Saarijärventie 4 G
Keskusta|Kuopio|K|1963|2556|115000|45|Haapaniemenkatu 25 A
Saaristokaupunki|Kuopio|R|2022|3385|479000|141.5|Saunaniemenkatu 32B
Puijonlaakso|Kuopio|K|1967|2190|127000|58|Taivaanpankontie 31
Satama|Kuopio|K|2020|5223|410000|78.5|Aallonmurtajankatu 1
Linnanpelto|Kuopio|K|1930|1543|108000|70|Vuorelankatu 10
Keskusta|Kuopio|K|1970|1273|98000|77|Kirkkokatu 57 A
Pihlajalaakso|Kuopio|K|2017|2972|159000|53.5|Poukamankatu 23
Riistavesi|Kuopio|O|2004|1732|239000|138|Syrjäntie 24
Niirala|Kuopio|K|1981|2839|88000|31|Huuhankatu 9 A
Nilsiä|Kuopio|O|2009|1492|264000|177|Ruusukaari 6
Saarijärvi|Kuopio|K|1973|789|45000|57|Saarijärventie 4 E
Puijonlaakso|Kuopio|K|2022|3633|178000|49|Sompatie 4
Keskusta|Kuopio|K|1963|2833|119000|42|Puijonkatu 39 B 36
Saaristokaupunki|Kuopio|O|2005|1357|395000|291|Riimuraitti 2
Lehtoniemi|Kuopio|K|2017|3213|98000|30.5|Kanavaharjunkatu 6 A
Keskusta|Kuopio|K|2025|4669|331500|71|Maaherrankatu 25 C 4
Levänen|Kuopio|K|1979|513|39000|76|Myllärintie 61
Saaristokaupunki|Kuopio|R|2022|3267|294000|90|Kalliotörmänkatu 23
Neulamäki|Kuopio|O|1983|1837|270000|147|Kaarnatie 13
Keskusta|Kuopio|K|2023|4511|198500|44|Maljalahdenkatu 17
Pirtti|Kuopio|R|1996|2633|237000|90|Orsitie 9
Keskusta|Kuopio|K|1954|2598|126000|48.5|Sairaalakatu 9
Itkonniemi|Kuopio|O|1922|2261|199000|88|Itkonniemenkatu 24
Inkilänmäki|Kuopio|K|1973|1217|84000|69|Inkilänmäenkatu 28 C
Syvänniemi|Kuopio|O|2005|1748|215000|123|Keihäsrinteentie 24
Puijonlaakso|Kuopio|K|2017|3442|179000|52|Taivaanpankontie 10g
Saarijärvi|A Kuopio|K|1969|1118|85000|76|Kullervonkatu 31
Niirala|Kuopio|K|2019|4505|205000|45.5|Sairaalakatu 8 A
Keskusta|Kuopio|K|1977|2130|229000|107.5|Myhkyrinkatu 5 A
Niirala|Kuopio|K|1969|1047|89000|85|Valkeisenkatu 6
Keskusta|/ Satama Kuopio|K|1995|3967|359000|90.5|Kauppakatu 5
Neulamäki|Kuopio|K|1986|1339|73000|54.5|Kantotie 3
Männistö|Kuopio|K|1968|1845|95000|51.5|Kalevalankatu 9
Lippumäki|/ Litmanen Kuopio|O|0|1495|320000|214|Mäkipirtinkatu 19
Männistö|Kuopio|K|1971|1984|121000|61|Männistönkatu 16
Keskusta|Kuopio|K|1960|2495|136000|54.5|Raviradantie 1
Haapaniemi|Kuopio|K|2027|4240|209900|49.5|Haapaniementie 16 A3
Haapaniemi|Kuopio|K|2027|4332|259900|60|Haapaniementie 16 A14
Kurkimäki|Kuopio|O|1999|1664|228000|137|Tiiholantie 1
Juankoski|Kuopio|O|1972|568|79000|139|Puutarhatie 14
Saarijärvi|Kuopio|K|1973|786|68000|86.5|Saarijärventie 17 B
Pihlajalaakso|Kuopio|R|2015|2681|189000|70.5|Poukamankatu 2 A
Pihlajalaakso|Kuopio|R|2015|2681|189000|70.5|Poukamankatu 2 A
Keskusta|Kuopio|K|1970|1323|153500|116|Kirkkokatu 57
Keskusta|Kuopio|K|1998|4113|329000|80|Sepänkatu 11
Haapaniemi|Kuopio|K|1987|3091|102000|33|Haapaniementie 14 E
Päiväranta|Kuopio|R|1980|1895|198000|104.5|Visakuja 5
Linnanpelto|Kuopio|K|1960|2154|84000|39|Pohjolankatu 30 A
Jynkkä|Kuopio|O|1956|1316|125000|95|Yötarhantie 7
Päiväranta|Kuopio|K|1972|1210|98000|81|Metsäkummuntie 10 A
Rahusenkangas|Kuopio|R|2006|2229|185000|83|Pajutie 9 A
Haapaniemi|Kuopio|O|1946|2760|345000|125|Aseveljenkatu 12
Saaristokaupunki|Kuopio|K|2018|3733|168000|45|Matkusniemenkatu 22 A
Lehtoniemi|Kuopio|K|2018|3647|155000|42.5|Talaskuja 1
Puijonlaakso|Kuopio|K|1972|1667|135000|81|Ahkiotie 4
Puijonlaakso|Kuopio|K|1968|1759|139000|79|Taivaanpankontie 29
Rypysuo|Kuopio|K|1980|890|69000|77.5|Rypysuontie 47 A
Saaristokaupunki|Kuopio|R|2027|3040|301000|99|Lehtoniementie 154 B 1
Lehtoniemi|Kuopio|K|2013|2600|172900|66.5|Messuportinkatu 8
Litmanen|/ Pitkälahti Kuopio|R|1991|2400|198000|82.5|Koiravedenkatu 26
Savolanniemi|Kuopio|R|2026|3097|284900|92|Pankkopolku 14 A6
Savolanniemi|Kuopio|R|2026|3185|238900|75|Pankkopolku 14 A2
Pihlajalaakso|Kuopio|K|2018|3267|214000|65.5|Ruutikellarinkatu 5
Keskusta|Kuopio|K|1963|2550|124950|49|Kirkkokatu 10
Lehtoniemi|Kuopio|K|2015|3100|151900|49|Järvihelmenkatu 11
Itkonniemi|Kuopio|K|1988|2535|109000|43|Itkonniemenkatu 10
Niirala|Kuopio|K|1964|2345|129000|55|Rovastinkatu 13 A
Puijonlaakso|Kuopio|K|1965|1970|132000|67|Hiihtäjäntie 6 C
Puijonlaakso|Kuopio|K|1967|2073|114000|55|Suunnistajantie 7
Männistö|Kuopio|K|1959|1673|82000|49|Untamonkatu 10-12 B
Lehtoniemi|Kuopio|K|2014|2371|166000|70|Kanavaharjunkatu 18 A
Niirala|Kuopio|R|1957|1708|205000|120|Harjukatu 15 A
Pihlajalaakso|Kuopio|K|2013|2665|147900|55.5|Ruutikellarinkatu 3
Lehtoniemi|Kuopio|K|2015|3107|156900|50.5|Järvihelmenkatu 11
Pihlajalaakso|Kuopio|K|2016|2980|152000|51|Ruutikellarinkatu 18
Keskusta|Kuopio|K|2022|3849|229000|59.5|Puutarhakatu 11
Puijonlaakso|Kuopio|K|2021|561|38417|68.5|Taivaanpankontie 27
Vartiala|Kuopio|O|1982|1646|195000|118.5|Hussonmäentie 16
Puijonlaakso|Kuopio|K|2018|3969|129000|32.5|Taivaanpankontie 10 B A
Jynkkä|Kuopio|O|1981|1787|185000|103.5|Luolatie 20
Keskusta|Kuopio|K|1975|2076|219000|105.5|Puistokatu 6 A
Keskusta|Kuopio|K|2004|3162|215000|68|Suokatu 24 A
Litmanen|Kuopio|O|1991|1695|239000|141|Pitkäsiima 8
Julkula|Kuopio|K|2020|510|33638|66|Puijonsarventie 42
Männistö|Kuopio|K|1964|693|69000|99.5|Tapionkatu 11 A
Julkula|Kuopio|R|1979|1470|122000|83|Julkulanniementie 2 A
Saaristokaupunki|Kuopio|K|2026|4906|130000|26.5|Susisalmenkatu 6 A 11
Keskusta|Kuopio|K|1999|3565|205000|57.5|Haapaniemenkatu 13
Maljalahti|/ keskusta Kuopio|K|2024|6191|458153|74|Sammonkatu 26 A 29
Kuopio|Kuopio|K|2024|5171|468000|90.5|Sairaalakatu 4 A 12
Keskusta|Kuopio|K|1999|3663|152000|41.5|Haapaniemenkatu 13
Puijonlaakso|Kuopio|K|1970|1000|59000|59|Taivaanpankontie 21
Saaristokaupunki|Kuopio|K|2026|4789|170000|35.5|Susisalmenkatu 6 B 31
Saaristokaupunki|Kuopio|K|2026|4914|172000|35|Susisalmenkatu 6 B 29
Saaristokaupunki|Kuopio|K|2026|4980|122000|24.5|Susisalmenkatu 6 B 30
Saaristokaupunki|Kuopio|K|2026|5283|420000|79.5|Susisalmenkatu 6 B 26
Lehtorinne|Kuopio|K|2026|4961|315000|63.5|Susisalmenkatu 6 B 28
Saaristokaupunki|Kuopio|K|2026|4676|166000|35.5|Susisalmenkatu 6 B 25
Saaristokaupunki|Kuopio|K|2026|4816|118000|24.5|Susisalmenkatu 6 B 24
Saaristokaupunki|Kuopio|K|2026|5233|450000|86|Susisalmenkatu 6 B 27
Saaristokaupunki|Kuopio|K|2026|4800|168000|35|Susisalmenkatu 6 B 23
Saaristokaupunki|Kuopio|K|2026|4803|305000|63.5|Susisalmenkatu 6 B 22
Saaristokaupunki|Kuopio|K|2026|5157|410000|79.5|Susisalmenkatu 6 B 20
Saaristokaupunki|Kuopio|K|2026|5116|440000|86|Susisalmenkatu 6 B 21
Saaristokaupunki|Kuopio|K|2026|4882|310000|63.5|Susisalmenkatu 6 B 19
Saaristokaupunki|Kuopio|K|2026|5174|445000|86|Susisalmenkatu 6 B 18
Saaristokaupunki|Kuopio|K|2026|5220|415000|79.5|Susisalmenkatu 6 B 17
Saaristokaupunki|Kuopio|K|2026|5290|410000|77.5|Susisalmenkatu 6 A 16
Saaristokaupunki|Kuopio|K|2026|5161|400000|77.5|Susisalmenkatu 6 A 10
Saaristokaupunki|Kuopio|K|2026|4994|392000|78.5|Susisalmenkatu 6 A 13
Saaristokaupunki|Kuopio|K|2026|4866|382000|78.5|Susisalmenkatu 6 A 7
Saaristokaupunki|Kuopio|K|2026|5352|190000|35.5|Susisalmenkatu 6 A 9
Saaristokaupunki|Kuopio|K|2026|5189|480000|92.5|Susisalmenkatu 6 A 8
Saaristokaupunki|Kuopio|K|2026|4754|145000|30.5|Susisalmenkatu 6 A 6
Saaristokaupunki|Kuopio|K|2026|5226|405000|77.5|Susisalmenkatu 6 A 4
Saaristokaupunki|Kuopio|K|2026|5000|440000|88|Susisalmenkatu 6 A 2
Nilsiä|kuopio|O|1983|1361|245000|180|Saunalahdentie
Saaristokaupunki|Kuopio|K|2026|4976|209000|42|Susisalmenkatu 6 A 1
Pirtti|/ Saaristokaupunki Kuopio|R|2023|2745|258000|94|Pirtinkaari 24
Saaristokaupunki|Kuopio|R|2023|2899|229000|79|Pirtinkaari 24 E
Saaristokaupunki|Kuopio|R|2023|2759|229000|83|Pirtinkaari 24 A
Saaristokaupunki|Kuopio|R|2023|2560|279000|109|Pirtinkaari 24 B
Pirtti|Kuopio|K|2019|2822|182000|64.5|Pirtinkaari 30 B
Saaristokaupunki|Kuopio|K|2018|3229|134000|41.5|Kalliotörmänkatu 18
Keskusta|Kuopio|K|2019|4661|254000|54.5|Torikatu 18
Päivärinteentie 31 A 1|Kuopio|K|2026|4719|269000|57|Päivärinteentie 31 A 1
Saaristokaupunki|Kuopio|K|2019|3553|135000|38|Paloniementie 1 A
Saaristokaupunki|Kuopio|K|2017|4133|155000|37.5|Kanavanranta 10
Länsi-Puijo|Kuopio|O|1976|946|227000|240|Lakkapolku 2 E
Kuopio|Kuopio|K|0|2789|212000|76|Vanhankallionkatu 3
Keskusta|Kuopio|K|1998|3143|99000|31.5|Tulliportinkatu 12
Päiväranta|Kuopio|K|1970|1250|122500|98|Lakeissuontie 10 C
Saaristokaupunki|Kuopio|K|2026|4755|126000|26.5|Susisalmenkatu 6 A 5
Neulamäki|Kuopio|R|1981|1390|139000|100|Petkelkuja 2
Keskusta|Kuopio|K|1962|1756|79000|45|Minna Canthinkatu 34
Keskusta|Kuopio|K|2001|3293|247000|75|Kauppakatu 3 b
Keskusta|Kuopio|K|1961|2250|189000|84|Snellmaninkatu 13 A
Keskusta|Kuopio|K|2020|4595|255000|55.5|Tulliportinkatu 50
Neulamäki|Kuopio|O|1985|1345|199000|148|Lehväkuja 9
Keskusta|Kuopio|K|2018|3786|390000|103|Sairaalakatu 6
Jynkkä|Kuopio|R|1981|1743|197000|113|Soikkokuja 4
Julkula|Kuopio|R|1988|1890|154000|81.5|Viljelijäntie 10 A
Pirtti|Kuopio|R|1996|2500|225000|90|Orsitie 9
Männistö|Kuopio|K|2019|3476|146000|42|Kalevalankatu 33 A
Puijonlaakso|Kuopio|K|1965|2176|148000|68|Hiihtäjäntie 15
Peipposenrinne|Kuopio|O|1938|1250|165000|132|Tiaisenpolku 10
Haapaniemi|Kuopio|K|1953|3760|94000|25|Haapaniementie 3
Niirala|Kuopio|K|1966|1827|95000|52|Rajakatu 5
Keskusta|Kuopio|K|2023|4449|198000|44.5|Hannes Kolehmaisen katu 9 A
Petonen|Kuopio|R|1990|1650|132000|80|Länsikatu 9 A
Haapaniemi|Kuopio|K|1990|2720|179500|66|Kumpukatu 7
Keskusta|Kuopio|K|2019|4235|144000|34|Puijonkatu 29 B
Pihlajalaakso|Kuopio|K|2015|530|23572|44.5|Poukamankatu 11 A 09
Hiltulanlahti|Kuopio|R|2024|2943|259000|88|Leppälinnunpolku 6B
Maljalahti|Kuopio|K|2018|4698|133900|28.5|Sammonkatu 22
Keskusta|Kuopio|K|2019|3691|179000|48.5|Puijonkatu 29 A
Puijonlaakso|Kuopio|R|1977|2087|215000|103|Retkeilijäntie 14 A
Särkiniemi|Kuopio|R|1969|1171|99500|85|Sammalniementie 1
Jynkkä|Kuopio|R|1983|1538|100000|65|Siiviläkuja 5
Kelloniemi|Kuopio|O|1981|1757|210000|119.5|Kellotarhantie 2
Keskusta|Kuopio|K|1958|2561|116000|45.3|Puistokatu 4
Kelloniemi|Kuopio|R|1982|1433|122500|85.5|Luotsitie 15
Keskusta|Kuopio|K|1957|2703|123000|45.5|Savonkatu 7
Jynkkä|Kuopio|O|1956|1190|125000|105|Poikkikatu 5
Karttula|Kuopio|O|1985|1278|225000|176|Erityistie 13
Rautaniemi|/ Saaristokaupunki Kuopio|O|2022|3796|429000|113|Kuurankatu 7
Särkilahti|Kuopio|K|2000|2116|146000|69|Mateenmutka 2
Kaislastenlahti|Kuopio|O|2014|2460|358000|145.5|Joutenjärvi 400
Niirala|Kuopio|O|0|1779|258000|145|Siikaniemenkatu 21
Keskusta|Kuopio|K|2025|4387|261000|59.5|Maaherrankatu 25 C 3
Keskusta|Kuopio|K|1957|2396|109000|45.5|Savonkatu 7
Päivärinteentie 31 A 8|Kuopio|K|2026|4895|279000|57|Päivärinteentie 31 A 8
Haapaniemi|Kuopio|K|1958|2261|104000|46|Aarneenkallionkatu 11 as
Kuopio|Kuopio|K|1965|4279|95000|22.2|Asemakatu 44
keskusta|Kuopio|K|1964|922|47000|51|Vuorikatu 35
Nilsiä|Kuopio|O|2014|3651|230000|63|Illaisentie 260
Saaristokaupunki|Kuopio|K|2024|2771|178730|64.5|Lehtoniementie 133 A 19
Inkilänmäki|/ Peipposenrinne Kuopio|O|1965|1641|238000|145|Inkilänmäenkatu 10
Levänen|Kuopio|K|1980|809|55000|68|Tuuttikuja 4
Hatsala|Kuopio|K|2026|4519|122000|27|Hannes Kolehmaisen katu 11 A 42
Puijonlaakso|Kuopio|K|2018|3291|209000|63.5|Taivaanpankontie 10 c
Jynkkä|Kuopio|R|1976|1210|144000|119|Rauhalahdentie 24
Levänen|Kuopio|O|1978|1800|198000|110|Myllärintie 27
Keskusta|Kuopio|K|2023|4106|349000|85|Hannes Kolehmaisen katu 9 A
Saaristokaupunki|Kuopio|R|2023|3427|179900|52.5|Rautokannantie 9
Keskusta|Kuopio|K|1983|3488|279000|80|Haapaniemenkatu 40
Pitkälahti|Kuopio|K|1988|1347|99000|73.5|Piekanankuja 3
Syvänniemi|Kuopio|O|1988|1030|119500|116|Tervarinteentie 6
Keskusta|Kuopio|K|1983|2507|89000|35.5|Mäkikatu 5
Päiväranta|Kuopio|K|1974|736|78000|106|Petäjätie 3
Keskusta|Kuopio|K|2004|2945|187000|63.5|Suokatu 24
Haapaniemi|Kuopio|K|2020|635|31424|49.5|Kaartokatu 46
Hatsala|Kuopio|K|2023|3660|269000|73.5|Hannes Kolehmaisen katu 9 A
Petonen|Kuopio|R|1989|1506|122000|81|Kalliorinne 2 A
Niirala|Kuopio|K|2020|5000|275000|55|Sairaalakatu 6 D 23
Lehtoniemi|Kuopio|K|2018|540|27545|51|Kaivannonlahdenkatu 3 A 25
Niirala|Kuopio|R|1952|1277|83000|65|Raivaajantie 5 as 1
Keskusta|Kuopio|K|2003|3167|133000|42|Maljalahdenkatu 4 A
Haapaniemi|Kuopio|K|1985|1857|84500|45.5|Kumpukatu 10 A
Puijonkatu 29 B|Kuopio|K|2019|4247|189000|44.5|Puijonkatu 29 B
Keskusta|Kuopio|K|1958|2227|147000|66|Puijonkatu 41
Keskusta|Kuopio|K|1941|3135|449000|143.2|Kirkkokatu 33
Keskusta|Kuopio|K|2011|3414|239000|70|Suokatu 35
Keskusta|Kuopio|K|1963|3000|159000|53|Kirkkokatu 13-15 A
Linnanpelto|Kuopio|O|1946|1890|189000|100|Lönnrotinkatu 35
Julkula|Kuopio|R|1987|1963|159000|81|Puijonsarventie 11 D
Keskusta|Kuopio|K|1957|2240|129000|57.6|Pengerkatu 1 A
Saaristokaupunki|Kuopio|O|1999|3652|860000|235.5|Saunaniemenkatu 30
Käränkä|Kuopio|K|2018|3068|135000|44|Kukkaroniemenkatu 2 A
Keskusta|Kuopio|K|1952|2857|178000|62.3|Puistokatu 8 B
Keskusta|Kuopio|K|2012|3959|162300|41|Tulliportinkatu 14
Jynkkä|Kuopio|R|1983|1977|128500|65|Härkätie 20
Rönö|Kuopio|R|2024|4557|360000|79|Tiilisaarentie 2 B 5
Keskusta|Kuopio|K|1999|3571|275000|77|Haapaniemenkatu 13
Keskusta|Kuopio|K|1966|2526|144000|57|Haapaniemenkatu 6 B
Puijonlaakso|Kuopio|K|1966|1348|125000|92.7|Suunnistajantie 13
Puijon|Kuopio|K|1966|1448|97000|67|Taivaanpankontie 17
Haapaniemi|Kuopio|K|2027|4315|299900|69.5|Haapaniementie 16 A30
Haapaniemi|Kuopio|K|2027|5118|429900|84|Haapaniementie 16 A29
Haapaniemi|Kuopio|K|2027|5082|459900|90.5|Haapaniementie 16 A28
Haapaniemi|Kuopio|K|2027|4207|292400|69.5|Haapaniementie 16 A26
Haapaniemi|Kuopio|K|2027|4999|419900|84|Haapaniementie 16 A25
Rönö|Kuopio|R|2024|4626|495000|107|Tiilisaarentie 2 A 2
Rönö|Kuopio|R|2024|4556|533000|117|Tiilisaarentie 2 B 9
Haapaniemi|Kuopio|K|2027|4350|234900|54|Haapaniementie 16 A23
Haapaniemi|Kuopio|K|2027|4971|449900|90.5|Haapaniementie 16 A24
Haapaniemi|Kuopio|K|2027|4099|284900|69.5|Haapaniementie 16 A22
Haapaniemi|Kuopio|K|2027|4498|269900|60|Haapaniementie 16 A20
Haapaniemi|Kuopio|K|2027|5648|129900|23|Haapaniementie 16 A19
Haapaniemi|Kuopio|K|2027|4257|229900|54|Haapaniementie 16 A18
Haapaniemi|Kuopio|K|2027|4694|154900|33|Haapaniementie 16 A16
Haapaniemi|Kuopio|K|2027|4442|219900|49.5|Haapaniementie 16 A15
Keskusta|Kuopio|K|1976|3250|195000|60|Minna Canthin katu 11
Keskusta|Kuopio|K|1961|3219|99800|31|Haapaniemenkatu 29
Haapaniemi|Kuopio|K|2027|5474|125900|23|Haapaniementie 16 A13
Haapaniemi|Kuopio|K|2027|4165|224900|54|Haapaniementie 16 A12
Haapaniemi|Kuopio|K|2027|3898|270900|69.5|Haapaniementie 16 A11
Haapaniemi|Kuopio|K|2027|4603|151900|33|Haapaniementie 16 A10
Haapaniemi|Kuopio|K|2027|4341|214900|49.5|Haapaniementie 16 A9
Haapaniemi|Kuopio|K|2027|5343|122900|23|Haapaniementie 16 A7
Haapaniemi|Kuopio|K|2027|4248|254900|60|Haapaniementie 16 A8
Haapaniemi|Kuopio|K|2027|4072|219900|54|Haapaniementie 16 A6
Haapaniemi|Kuopio|K|2027|4461|124900|28|Haapaniementie 16 A5
Haapaniemi|Kuopio|K|2027|4512|148900|33|Haapaniementie 16 A4
Haapaniemi|Kuopio|K|2027|5213|119900|23|Haapaniementie 16 A1
Keskusta|Kuopio|K|1955|2288|119000|52|Suokatu 43 B
Kaartokatu 17-19|Kuopio|K|1980|1008|64000|63.5|Kaartokatu 17-19
Keskusta|Kuopio|K|1952|2837|120000|42.3|Puistokatu 8 B
Niirala|Kuopio|K|1969|1878|139500|74.3|Rovastinkatu 22
Puijonlaakso|Kuopio|K|2020|3968|125000|31.5|Hiihtäjäntie 9
Keskusta|Kuopio|K|1953|3465|149000|43|Maaherrankatu 37 B
Kelloniemi|Kuopio|R|1982|1275|109000|85.5|Luotsitie 15 D
Savolanniemi|Kuopio|O|2004|2896|695000|240|Eteläranta 23
Männistö|Kuopio|K|1957|2096|109000|52|Pohjolankatu 3
Keskusta|Kuopio|K|2021|4400|132000|30|Puutarhakatu 9 B
Keskusta|Kuopio|K|1970|1744|68000|39|Kirkkokatu 57
Linnanpelto|Kuopio|K|1910|1274|135000|106|Linnanpellonkatu 8
Niirala|Kuopio|K|1964|2425|194000|80|Rovastinkatu 13 A
Savolanniemi|Kuopio|O|2006|2804|785000|280|Savolanniityntie 13
Puijonlaakso|Kuopio|K|2018|3794|129000|34|Taivaanpankontie 10 G
Hiltulanlahti|Kuopio|O|2023|3545|429000|121|Metsätähdenkatu 14
Nilsiä|Kuopio|R|2017|1531|75000|49|Jenunraitti 15 A
keskusta|Kuopio|K|1977|742|69000|93|Hatsalankatu 4
Länsi-Puijo|Kuopio|R|1973|1500|129000|86|Mesitie 24 b
Keskusta|Kuopio|K|2019|4829|198000|41|Puijonkatu 29
Päivärinteentie 31 A 5|Kuopio|K|2026|4911|275000|56|Päivärinteentie 31 A 5
Rautaniemi|/ Saaristokaupunki Kuopio|R|2010|2661|165000|62|Saunaniitynkatu 2
Puijonlaakso|Kuopio|K|1966|2224|149000|67|Taivaanpankontie 17 A
Lehtoniemi|Saaristokaupunki Kuopio|K|2022|3492|103000|29.5|Lehtoniementie 134
Keskusta|Kuopio|K|1955|2288|119000|52|Suokatu 43 B 35
Keskusta|Kuopio|K|1980|1630|97000|59.5|Vuorikatu 36
Uusi-Haapaniemi|Kuopio|K|1991|3309|369000|111.5|Hermanninaukio 10
Hiltulanlahti|Kuopio|O|2011|1483|298000|201|Leirintie 65
Petonen|Kuopio|R|1988|1466|129000|88|Petosenmutka 10
Rytky|Kuopio|O|1986|1570|325000|207|Rytkynrannantie 238
Haapaniemi|Kuopio|K|2022|4085|239000|58.5|Kaartokatu 39 A
Maaninka|Kuopio|R|2004|1328|42500|32|Juulintie 6
Maljalahti|Kuopio|K|2022|5469|134000|24.5|Puutarhakatu 11 C
Länsi-Puijo|Kuopio|R|1977|1150|92000|80|Teriöpolku 4
Kuopio|Kuopio|K|2024|5773|687000|119|Sairaalakatu 4 A 28
Kuopio|Kuopio|K|2024|5640|282000|50|Sairaalakatu 4 A 27
Kuopio|Kuopio|K|2024|4281|259000|60.5|Sairaalakatu 4 A 10
Kuopio|Kuopio|K|2024|5025|304000|60.5|Sairaalakatu 4 A 4
Kuopio|Kuopio|K|2024|5115|289000|56.5|Sairaalakatu 4 A 2
Maljalahti|Kuopio|K|2018|4057|215000|53|Sammonkatu 22
Keskusta|Kuopio|K|2025|5116|486000|95|Maaherrankatu 25 B 20
Keskusta|Kuopio|K|2025|4864|381800|78.5|Maaherrankatu 25 C 26
Puijonlaakso|Kuopio|K|1972|1781|122000|68.5|Luistelijantie 11
Nilsiä|Kuopio|O|2019|1923|249000|129.5|Katajamäentie 11
Saarijärvi|Kuopio|K|1974|1046|79000|75.5|Saarijärventie 19
Puijonlaakso|Kuopio|K|1966|2164|119000|55|Suunnistajantie 3 B
Männistö|Kuopio|K|1971|1616|139000|86|Männistönkatu 16 B
Savolanniemi|Kuopio|O|2008|2984|749000|251|Savolanniityntie 11
Keskusta|Kuopio|K|2008|4760|595000|125|Snellmaninkatu 27
Niirala|Kuopio|O|1956|954|125000|131|Harjukatu 46
Litmanen|Kuopio|O|1991|1964|218000|111|Kielonsaarenkatu 10
Päivärinteentie 31 A 14|Kuopio|K|2026|4971|169000|34|Päivärinteentie 31 A 14
Julkula|Kuopio|R|1980|1622|159000|98|Pajulahdentie 30
Saaristokaupunki|Kuopio|R|2024|2979|280000|94|Susisalmenkatu 5 A2
Päiväranta|Kuopio|R|1979|1557|116000|74.5|Tuomikuja 2 A
Kuopio|Kuopio|K|1983|2321|152000|65.5|Ajurinkatu 35
Pihlajalaakso|Kuopio|K|2015|2545|182000|71.5|Poukamankatu 2 B
Tulliportinkatu 10|Kuopio|K|1999|3832|297000|77.5|Tulliportinkatu 10
Keskusta|Kuopio|K|1956|1536|106000|69|Haapaniemenkatu 12
Männistö|Kuopio|K|2015|3166|239000|75.5|Lönnrotinkatu 27 A
Männistö|Kuopio|K|1971|1448|124500|86|Männistönkatu 20
Neulamäki|Kuopio|K|1986|2818|62000|22|Versokuja 4
Keskusta|Kuopio|K|1966|2165|144000|66.5|Kuninkaankatu 30
Puijonlaakso|Kuopio|K|2021|3849|229000|59.5|Taivaanpankontie 27c C
Pirtti|Kuopio|R|1992|2083|125000|60|Kielorannankatu 1 A
Keskusta|Kuopio|K|1962|1273|70000|55|Minna Canthin katu 34 A
Männistö|Kuopio|K|1975|1430|138000|96.5|Tapionkatu 5-9
Päivärinteentie 31 A 4|Kuopio|K|2026|4977|214000|43|Päivärinteentie 31 A 4
Petonen|Kuopio|K|2024|504|29733|59|Blominkatu 8
Linnanlahti|Kuopio|K|1972|2327|185000|79.5|Hapelähteenkatu 3 B
Keskusta|Kuopio|K|2008|2948|199000|67.5|Kauppakatu 9
Lehtoniemi|Kuopio|R|2023|600|28522|47.5|Kuikkakuja 3 A 01
Petonen|Kuopio|R|1989|2133|96000|45|Petosenmutka 12 B
Keskusta|Kuopio|K|2025|5333|240000|45|Maaherrankatu 25 B 22
Savolanniemi|Kuopio|R|2015|2764|228000|82.5|Kuunsilta 9 D
Kuopio|Kuopio|K|1955|3358|89000|26.5|Suokatu 43
Saaristokaupunki|Kuopio|R|2024|3000|252000|84|Susisalmenkatu 5 A 4
Lehtoniemi|Kuopio|K|2021|4041|149500|37|Lintuluoto 2 B
Keskusta|Kuopio|K|2007|2987|159800|53.5|Snellmaninkatu 41 A
Niirala|Kuopio|K|1969|2988|124000|41.5|Rajakatu 27 A
Kylmämäki|Kuopio|O|2006|2010|384000|191|Riihilammentie 2
Särkiniemi|Kuopio|K|1974|1466|129000|88|Särkiniementie 12 A
Niirala|Kuopio|K|1963|2505|129000|51.5|Kotkankallionkatu 5
Jynkkä|Kuopio|R|1984|1254|79000|63|Rasinmäenkatu 13
Männistö|Kuopio|K|1989|1831|119000|65|Lönnrotinkatu 26
Kurkimäki|Kuopio|O|0|4758|1180000|248|Pihlajapolku 7
Keskusta|Kuopio|R|1909|3100|465000|150|Hapelähteenkatu 7
Keskusta|Kuopio|K|1955|3300|99000|30|Kuopionlahdenkatu 16 B
Levänen|Kuopio|R|1986|1165|99000|85|Leväsentie 30 as
Lehtoniemi|Kuopio|K|2017|533|29329|55|Järvihelmenkatu 1 C 14
Lehtoniemi|Kuopio|R|2023|582|27627|47.5|Kuikkakuja 3 A 02
Rönö|Kuopio|R|2005|3506|298000|85|Tiilisaarentie 4
Pitkälahti|Kuopio|O|1988|1844|319000|173|Kiviahontie 7
Nilsiä|Kuopio|O|1959|551|49000|89|Piennartie 14
Puijonlaakso|Kuopio|K|2005|3281|187000|57|Taivaanpankontie 8
Niirala|Kuopio|K|1965|3296|89000|27|Rinnekatu 2-4
Saarijärvi|Kuopio|K|1971|824|68000|82.5|Ilmarisentie 4
Vehmersalmi|Kuopio|O|1982|843|150000|178|Kilikalantie 5
Keskusta|Kuopio|K|1956|1087|75000|69|Haapaniemenkatu 12
Keskusta|Kuopio|K|1983|3720|199000|53.5|Haapaniemenkatu 40 E
Niirala|Kuopio|O|1953|1781|349000|196|Kaikukatu 53
Päiväranta|Kuopio|R|1980|1840|192278|104.5|Visakuja 9 D
Keskusta|Kuopio|K|1968|2639|194000|73.5|Vuorikatu 31-33 B
Väinölänniemi|Kuopio|K|1981|2685|239000|89|Kallanranta 3 A
Petonen|Kuopio|R|1990|1380|109000|79|Litmasenkuja 1 A
Niirala|Kuopio|K|2019|4852|296000|61|Sairaalakatu 8 A
Keskusta|Kuopio|K|1927|1965|169000|86|Sepänkatu 4
Itkonniemi|Kuopio|K|1956|1132|85000|75.1|Honkalahdenkatu 9
Lehtoniemi|Kuopio|K|2018|550|28053|51|Kaivannonlahdenkatu 3 A 30
Keskusta|Kuopio|K|1984|1982|110000|55.5|Maaherrankatu 33 A
Keskusta|Kuopio|K|2007|3441|234000|68|Lukkarinkatu 1
Niirala|Kuopio|K|1981|2629|184000|70|Rovastinkatu 7 C
Linnanpelto|Kuopio|K|1928|1671|65000|38.9|Kalevalankatu 35
Keskusta|Kuopio|K|2017|4446|269000|60.5|Suokatu 31 A
Petonen|Kuopio|K|1990|1273|56000|44|Pyörönkaari 7
Jynkkä|Kuopio|R|1980|1290|169000|131|Siiviläkuja 18
Puijonlaakso|Kuopio|K|2023|4333|169000|39|Taivaanpankontie 27a
Jynkkä|Kuopio|R|1980|1316|125000|95|Aittolammentie 3 A
Haapaniemi|Kuopio|K|2020|611|29317|48|Kaartokatu 46
Keskusta|Kuopio|K|1961|2811|149000|53|Kauppakatu 50
Keskusta|Kuopio|K|1972|2113|112000|53|Museokatu 24 B
Haapaniemi|Kuopio|K|1982|1447|89000|61.5|Aseveljenkatu 4 B
Puijonlaakso|Kuopio|R|1977|1344|129000|96|Retkeilijäntie 18
Länsi-Puijo|/ Rypysuo Kuopio|O|1972|1409|155000|110|Puolukkatie 12
Haapaniemi|Kuopio|K|1993|2126|169000|79.5|Haapaniementie 20 A
Neulamäki|Kuopio|O|1983|2043|189000|92.5|Havukuja 1
Keskusta|Kuopio|K|1978|2150|129000|60|Suokatu 36
Itkonniemi|Kuopio|R|1973|1242|149000|120|Virtasalmenkatu 22 as
Saaristokaupunki|Kuopio|R|2010|1915|249000|130|Tervaniitynkatu 2
Keskusta|Kuopio|K|1959|2759|229000|83|Puistokatu 2 A
Pihlajalaakso|Kuopio|K|2017|3173|119000|37.5|Poukamankatu 23
Keskusta|Kuopio|K|2022|4380|265000|60.5|Asemakatu 1
Puijonlaakso|Kuopio|K|1968|1168|139000|119|Taivaanpankontie 29 A
Pihlajalaakso|Kuopio|K|2017|3173|119000|37.5|Poukamankatu 23
Keskusta|Kuopio|K|1955|1889|119000|63|Suokatu 43
Haapaniemi|Kuopio|K|1979|2192|57000|26|Kaartokatu 15 A
Lehtoniemi|Kuopio|K|2017|2767|119000|43|Kanavaharjunkatu 6 A
Jynkkä|Kuopio|R|1985|1643|115000|70|Soikkokuja 8 E
Linnanpelto|/ keskusta Kuopio|O|1940|1858|510000|274.5|Päivärinteentie 23
Särkiniemi|Kuopio|O|2013|3070|505000|164.5|Sammallahdentie 10 B
Pirtti|Kuopio|K|2015|2656|119500|45|Porkkanakatu 5
Pappilanmäki|Kuopio|K|2013|3048|378000|124|Suntionkuja 9
Lehtoniemi|Kuopio|K|2015|2040|152000|74.5|Messuportinkatu 4
Keskusta|Kuopio|K|1981|2543|239000|94|Koljonniemenkatu 7 A
Lehtoniemi|Kuopio|K|2012|3008|157900|52.5|Helminauha 2 As
Lehtoniemi|Kuopio|R|2013|2877|269000|93.5|Kotilokatu 11
Keskusta|Kuopio|K|1985|2463|149000|60.5|Savonkatu 24
Keskusta|Kuopio|K|1981|3911|395000|101|Kallanranta 3
Petonen|Kuopio|R|1990|2327|249000|107|Koiravedenkatu 24
Rautaniemi|Kuopio|O|2013|2473|429000|173.5|Hallakorvenkatu 10
Saaristokaupunki|Kuopio|O|2004|2894|699000|241.5|Eteläranta 9
Julkula|Kuopio|K|1980|981|79000|80.5|Välilahdentie 3
Keskusta|Kuopio|K|2000|3675|215000|58.5|Tulliportinkatu 2
Lippumäki|Kuopio|R|1993|1646|158000|96|Mäkipirtinkatu 6
Nilsiä|Kuopio|O|1974|579|55000|95|Pyyntie 2
Lehtoniemi|Kuopio|K|2014|3062|166900|54.5|Järvihelmenkatu 9 A
Haapaniemi|Kuopio|R|1920|2225|158000|71|Miilukatu 2 A
Keskusta|Kuopio|K|2025|4864|381800|78.5|Maaherrankatu 25 C 26
Keskusta|Kuopio|K|2025|6308|164000|26|Maaherrankatu 25 C 9
Keskusta|Kuopio|K|2025|4926|234000|47.5|Maaherrankatu 25 C 8
Keskusta|Kuopio|K|2025|5596|148300|26.5|Maaherrankatu 25 C 6
Keskusta|Kuopio|K|2025|4786|232100|48.5|Maaherrankatu 25 B 7
Keskusta|Kuopio|K|2025|5203|156100|30|Maaherrankatu 25 C 12
Keskusta|Kuopio|K|2025|6692|174000|26|Maaherrankatu 25 C 22
Keskusta|Kuopio|K|2025|6450|167700|26|Maaherrankatu 25 C 16
Keskusta|Kuopio|K|2025|5732|151900|26.5|Maaherrankatu 25 C 13
Keskusta|Kuopio|K|2025|4778|215000|45|Maaherrankatu 25 B 6
Keskusta|Kuopio|K|2025|5397|161900|30|Maaherrankatu 25 C 25
Keskusta|Kuopio|K|2025|4708|226000|48|Maaherrankatu 25 C 1
Keskusta|Kuopio|K|2025|4583|236000|51.5|Maaherrankatu 25 C 14
Keskusta|Kuopio|K|2025|5113|248000|48.5|Maaherrankatu 25 B 18
Keskusta|Kuopio|K|2025|4957|171000|34.5|Maaherrankatu 25 B 10
Keskusta|Kuopio|K|2025|5132|307900|60|Maaherrankatu 25 B 3
Keskusta|Kuopio|K|2025|4841|167000|34.5|Maaherrankatu 25 B 4
Keskusta|Kuopio|K|2025|5111|230000|45|Maaherrankatu 25 B 17
Keskusta|Kuopio|K|2025|5271|224000|42.5|Maaherrankatu 25 B 19
Keskusta|Kuopio|K|2025|4713|271000|57.5|Maaherrankatu 25 B 11
Keskusta|Kuopio|K|2025|4870|280000|57.5|Maaherrankatu 25 B 16
Keskusta|Kuopio|K|2025|4619|224000|48.5|Maaherrankatu 25 B 1
Keskusta|Kuopio|K|2025|4694|199500|42.5|Maaherrankatu 25 B 2
Keskusta|Kuopio|K|2025|4956|223000|45|Maaherrankatu 25 B 12
Keskusta|Kuopio|K|2025|5116|486000|95|Maaherrankatu 25 B 20
Keskusta|Kuopio|K|2025|4928|239000|48.5|Maaherrankatu 25 B 13
Keskusta|Kuopio|K|1960|2746|249900|91|Sorvarinkatu 12
Lehtoniemi|Kuopio|K|2014|2861|155900|54.5|Järvihelmenkatu 9 A
Nilsiä|Kuopio|K|1988|843|29500|35|Koulupolku 13 A 11
Maljalahti|Kuopio|K|2018|3820|212000|55.5|Sammonkatu 22
Päiväranta|Kuopio|K|1968|1338|89000|66.5|Metsäkummuntie 8 B
Neulamäki|Kuopio|K|1987|1411|79000|56|Loimutie 2 E
Litmanen|Kuopio|O|2002|1430|249500|174.5|Kielonsaarenkatu 12
Pihjalalaakso|Kuopio|K|2018|3067|131900|43|Ruutikellarinkatu 5 B
Haapaniemi|Kuopio|K|1958|2424|80000|33|Aarneenkallionkatu 9
Petonen|Kuopio|K|1990|1340|77700|58|Pyörönkaari 1
Keskusta|Kuopio|K|1999|2486|215000|86.5|Haapaniemenkatu 13
Keskusta|Kuopio|K|1957|2267|195000|86|Kirkkokatu 19 A
Lehtoniemi|Kuopio|K|2015|2902|195900|67.5|Järvihelmenkatu 11 A
Pihlajalaakso|Kuopio|K|2018|3676|91900|25|Ruutikellarinkatu 5 B
Puijonlaakso|Kuopio|K|1966|1858|139000|74.8|Suunnistajantie 13 E
Keskusta|Kuopio|K|1981|2588|132000|51|Maaherrankatu 15 E
Männistö|Kuopio|K|1971|1467|89500|61|Männistönkatu 20 A
Linnanpelto|Kuopio|K|1924|2378|195000|82|Pohjolankatu 4 A
Keskusta|Kuopio|K|1956|1613|129000|80|Puijonkatu 24
Lehtoniemi|Kuopio|K|2019|4103|119000|29|Kaivannonlahdenkatu 11 A
Keskusta|Kuopio|K|1957|2131|146000|68.5|Tulliportinkatu 24 B
Saarijärvi|Kuopio|K|1973|759|60000|79|Saarijärventie 2
Keskusta|Kuopio|K|1962|3088|298000|96.5|Puijonkatu 1 A
Keskusta|Kuopio|K|2006|4007|575000|143.5|Tulliportinkatu 9
Puijonlaakso|Kuopio|R|1977|1333|96000|72|Samoilijantie 3 D
Lehtoniemi|Kuopio|K|2012|2798|146900|52.5|Helminauha 2 As
Lehtoniemi|Kuopio|K|2015|2261|154900|68.5|Messuportinkatu 4 B
Lehtoniemi|Kuopio|K|2015|2949|148900|50.5|Messuportinkatu 4 B
Lehtoniemi|Saaristokaupunki Kuopio|K|2024|3829|134000|35|Lehtoniementie 133
Itkonniemi|Kuopio|O|1983|725|179000|247|Dunckerinkatu 5
Pihlajalaakso|Kuopio|K|2018|3009|127900|42.5|Ruutikellarinkatu 5 A
Haapaniemi|Kuopio|K|1990|2106|139000|66|Kumpukatu 7-9
Nilsiä|Kuopio|R|1986|1026|79000|77|Kotipolku 11 B5
Linnanpelto|Kuopio|K|0|4016|247000|61.5|Killisenkatu 18 B 12
Linnanpelto|Kuopio|K|0|4252|270000|63.5|Killisenkatu 18 A 11
Linnanpelto|Kuopio|K|0|3665|295000|80.5|Killisenkatu 18 A 8
Linnanpelto|Kuopio|K|0|3951|162000|41|Killisenkatu 18 A 4
Linnanpelto|Kuopio|K|0|3423|178000|52|Killisenkatu 18 A 1
Linnanpelto|Kuopio|K|0|4154|216000|52|Killisenkatu 18 A 3
Keskusta|Kuopio|K|2017|4967|149000|30|Kauppakatu 7
Saarijärvi|Kuopio|K|1973|638|45000|70.5|Saarijärventie 17 A
Keskusta|Kuopio|K|2023|4463|299000|67|Maaherrankatu 25
Keskusta|Kuopio|K|1985|2562|114000|44.5|Savonkatu 2 A
Kelloniemi|Kuopio|K|1980|575|46000|80|Vanttitie 12 A
Pirtti|Kuopio|R|1993|1313|105000|80|Kuoppamäentie 5
Lehtoniemi|Kuopio|K|2020|4132|245000|59.3|Kanavanranta 4
Haapaniemi|Kuopio|K|1991|2863|114500|40|Hermanninaukio 10
Keskusta|Kuopio|K|1999|3678|160000|43.5|Haapaniemenkatu 13
Lehtoniemi|Kuopio|O|2011|4053|685000|169|Kurikkakatu 6
Jännevirta|Kuopio|O|1981|1636|175000|107|Laasankannantie 26
Männistö|Kuopio|K|1972|1245|63500|51|Lönnrotinkatu 11
Julkula|Kuopio|R|1979|1434|119000|83|Julkulanniementie 2 D
Hiltulanlahti|Kuopio|O|1987|1183|129500|109.5|Kihonkannantie 6
Jynkkä|Kuopio|R|1983|1213|114000|94|Kirnukuja 3
Keskusta|Kuopio|K|1986|2696|155000|57.5|Tulliportinkatu 26
Julkula|Kuopio|R|1981|1586|115000|72.5|Paloahontie 1
Hiltulanlahti|Kuopio|O|2020|2355|197800|84|Kukkanurmenkatu 2
Männistö|Kuopio|K|1989|1413|77000|54.5|Lönnrotinkatu 26
Petonen|Kuopio|R|1989|1809|85000|47|Tattikuja 3
Pitkälahti|Kuopio|R|1993|2300|184000|80|Koiravedenkatu 14 A
Lehtoniemi|Kuopio|K|2012|2912|152900|52.5|Helminauha 2 as
Keskusta|Kuopio|K|1959|2333|126000|54|Minna Canthin katu 55
Puijonlaakso|Kuopio|K|1966|2007|149500|74.5|Suunnistajantie 5
Nilsiä|Kuopio|O|1955|1079|68000|63|Mustikkapurontie 123
Keskusta|Kuopio|K|1976|2891|79500|27.5|Vuorikatu 34
Lehtoniemi|Kuopio|K|2012|2502|163900|65.5|Kanavaharjunkatu 3 A
Puijonlaakso|Kuopio|K|2017|3106|201900|65|Taivaanpankontie 10e A
Lehtoniemi|Kuopio|K|2012|2250|160900|71.5|Kanavaharjunkatu 3 A
Keskusta|Kuopio|K|1962|2020|99000|49|Minna Canthin katu 50 A
Pihkainmäki|Kuopio|O|1980|827|124000|150|Kurkimäentie 1375
Päiväranta|Kuopio|K|1983|1881|126000|67|Kelokuja 5 D
Kuopio|Kuopio|K|2015|4190|264000|63|Kauppakatu 49
Litmanen|Kuopio|O|1990|1462|174000|119|Mertakaari 2a
Maljalahti|Kuopio|K|2024|6191|458153|74|Sammonkatu 26 A29
Maljalahti|Kuopio|K|2024|5990|344412|57.5|Sammonkatu 26 A26
Maljalahti|Kuopio|K|2024|4869|243427|50|Sammonkatu 26 A7
keskusta|Kuopio|K|2023|4919|243500|49.5|Maljalahdenkatu 17 A 8
Lehtoniemi|Kuopio|K|2013|1999|153900|77|Messuportinkatu 8 C
Linnanpelto|Kuopio|O|1952|838|109000|130|Lönnrotinkatu 43
Puijonlaakso|Kuopio|K|2017|3289|203900|62|Hiihtäjäntie 11 A
Pihlajalaakso|Kuopio|K|2013|2654|165900|62.5|Ruutikellarinkatu 3 A
Puijonlaakso|Kuopio|K|2017|3387|226900|67|Hiihtäjäntie 11 A
Jynkkä|Kuopio|K|2022|2659|117000|44|Varsanpolku 1 C
Länsi-Puijo|Kuopio|K|1976|994|79000|79.5|Rypysuontie 59
Lehtoniemi|Kuopio|K|2014|2759|206900|75|Järvihelmenkatu 9 A
Lehtoniemi|Kuopio|K|2015|2909|146900|50.5|Järvihelmenkatu 11 A
Keskusta|Kuopio|K|2013|3998|251900|63|Asemakatu 26 A
Lehtoniemi|Kuopio|K|2014|2852|213900|75|Järvihelmenkatu 9 A
Lehtoniemi|Kuopio|K|2016|2673|98900|37|Messuportinkatu 4 C
Lehtoniemi|Kuopio|K|2016|2374|119900|50.5|Messuportinkatu 4 C
Peipposenrinne|Kuopio|O|1976|1651|449000|272|Leivosentie 21
Niirala|Kuopio|K|1961|2826|115000|40.7|Valkeisenkatu 12 B
Litmanen|Kuopio|O|1989|1468|185000|126|Mertakaari 11
Hatsala|Kuopio|K|2026|4704|127000|27|Hannes Kolehmaisen katu 11 A 13
Hatsala|Kuopio|K|2026|4257|149000|35|Hannes Kolehmaisen katu 11 A 37
Lehtoniemi|Kuopio|K|2015|2812|165900|59|Järvihelmenkatu 11 A
Puijonlaakso|Kuopio|K|2018|3625|159500|44|Taivaanpankontie 10C A
Keskusta|Kuopio|R|1900|3345|495000|148|Suokatu 39
Lehtoniemi|Kuopio|K|2014|3011|137000|45.5|Kanavanranta 7
Kelloniemi|Kuopio|O|0|1167|168000|144|Kellotarhantie 20
Kuunsilta 10 A|Kuopio|R|2024|3506|298000|85|Kuunsilta 10 A
Keskusta|Kuopio|K|1999|3400|153000|45|Haapaniemenkatu 13
Savolanniemi|Kuopio|R|2024|3400|289000|85|Kuunsilta 10 C
Rönö|/ Keskusta Kuopio|O|1991|3694|362000|98|Rönöntie 4
Keskusta|Kuopio|K|1954|2336|139000|59.5|Kasarmikatu 10 C
Riistavesi|Kuopio|O|1983|771|108000|140|Peltokuja 13
Neulamäki|Kuopio|K|1986|1429|65000|45.5|Juontotie 6 A
Länsi-Puijo|Kuopio|R|1983|1561|89000|57|Rypysuontie 28-30 D
Jynkkä|Kuopio|R|1981|1462|85500|58.5|Kirnukuja 6 D
Puijonlaakso|Kuopio|K|1971|2205|129000|58.5|Sammakkolammentie 3
Petonen|Kuopio|K|1989|960|72000|75|Hiirihaukantie 1
Niirala|Kuopio|O|1941|4824|410000|85|Kalliokatu 11
Nilsiä|Kuopio|O|2004|1319|178000|135|Niittäjäntie 1
Pirtti|Kuopio|R|1997|2120|159000|75|Orsitie 7
Keskusta|Kuopio|K|2023|3959|289000|73|Tulliportinkatu 46
Puijonlaakso|Kuopio|K|1972|2180|109000|50|Ahkiotie 4
Nilsiä|Kuopio|K|2009|1574|85000|54|Mantunsuora 5 A
Lippumäki|32 Kuopio|O|1992|1608|193000|120|Mäkipirtinkatu 25
Keskusta|Kuopio|K|1987|3228|255000|79|Suokatu 16 A
Syvänniemi|Kuopio|O|2000|1380|189000|137|Keihäskaari 10
Keskusta|Kuopio|K|1999|3385|154000|45.5|Haapaniemenkatu 13
Jynkkä|Kuopio|R|1980|1524|125000|82|Kirnukuja 1 B
Savolanniemi|Kuopio|R|2007|2197|172500|78.5|Kuunsilta 1 D
Keskusta|Kuopio|K|1957|2839|159000|56|Kasarmikatu 8
Keskusta|Kuopio|K|2022|5237|398000|76|Suokatu 25 B
Vehmersalmi|Kuopio|O|1963|598|55000|92|Vehmerinranta 7
Saaristokaupunki|Kuopio|R|2008|2195|225000|102.5|Jaakkoniitynkatu 8 B
Haapaniemi|Kuopio|O|1945|1140|130000|114|Keihäskatu 6
Haapaniemi|Kuopio|K|1979|1985|64500|32.5|Siikaniemenkatu 10
Rypysuo|Kuopio|R|1977|1252|144000|115|Teriöpolku 4 B
Puijonlaakso|Kuopio|K|2021|3792|237000|62.5|Hiihtäjäntie 9 A
Puijonlaakso|Kuopio|K|2023|4024|169000|42|Taivaanpankontie 27a A
Keskusta|Kuopio|K|1974|2685|345000|128.5|Vuorikatu 10
Keskusta|Kuopio|K|1964|2373|229000|96.5|Minna Canthin katu 56 A
Niirala|Kuopio|O|1954|1143|263000|230|Harjukatu 11
Keskusta|Kuopio|K|1965|2187|199000|91|Asemakatu 16
Hiltulanlahti|Kuopio|R|2022|2726|259000|95|Ainolankatu 6
Keskusta|Kuopio|K|1962|2871|89000|31|Kirkkokatu 37
Ranta-Toivala|Kuopio|O|2008|3931|399000|101.5|Hevoskivenpolku 20
Pihlajalaakso|Kuopio|K|2015|511|35292|69|Poukamankatu 11 A 10
Päiväranta|Kuopio|O|0|1113|187000|168|Keski-kaari 12 A
Vehmersalmi|Kuopio|O|2000|2431|175000|72|Myllyrannantie 4
Lehtoniemi|Kuopio|K|2016|2948|89900|30.5|Messuportinkatu 4 C
Keskusta|Kuopio|K|2015|3748|179900|48|Savonkatu 21 C
Keskusta|Kuopio|K|2009|3274|239000|73|Tulliportinkatu 7
Pihlajalaakso|Kuopio|K|2013|2864|138900|48.5|Ruutikellarinkatu 3 A
Muuruvesi|Kuopio|O|1953|682|75000|110|Honkasentie 126
Puijonlaakso|Kuopio|K|2017|3178|212900|67|Hiihtäjäntie 11 A
Lehtoniemi|Kuopio|K|2014|2655|177900|67|Kanavanranta 7 A
Keskusta|Kuopio|K|1975|2611|265000|101.5|Hapelähteenkatu 41
Haapaniemi|Kuopio|K|1984|2759|109000|39.5|Lehtoniemenkatu 4 A
Saaristokaupunki|Kuopio|K|2018|2914|169000|58|Kaivannonlahdenkatu 5
Niirala|Kuopio|O|1952|1330|149000|112|Kaikukatu 16
Hatsala|Kuopio|K|2026|3958|285000|72|Hannes Kolehmaisen katu 11 A 11
Hatsala|Kuopio|K|2026|3769|245000|65|Hannes Kolehmaisen katu 11 A 10
Keskusta|Kuopio|K|1976|1787|84000|47|Kauppakatu 40-42 as
Kelloniemi|Kuopio|K|1979|500|40000|80|Vanttitie 14 D
Jynkkä|Kuopio|R|1986|1518|119900|79|Uuhikuja 3 B
Petonen|Kuopio|R|1988|1592|125000|78.5|Litmasenkaari 5 B
Niirala|Kuopio|K|1961|2570|275000|107|Valkeisenkatu 12
Keskusta|Kuopio|K|2018|3760|189900|50.5|Kuninkaankatu 7
Keskusta|Kuopio|K|1979|2197|128500|58.5|Kirkkokatu 52
Keskusta|Kuopio|K|1956|2117|199000|94|Puijonkatu 24
Pirtti|Kuopio|R|1997|2474|235000|95|Orsitie 7
Hiltulanlahti|Kuopio|R|2022|3009|319000|106|Sormulantie 6
Keskusta|Kuopio|K|2024|5640|282000|50|Sairaalakatu 4 A27
Kelloniemi|Kuopio|K|1979|563|45000|80|Vanttitie 14 C
Kuopio|Kuopio|K|1987|3024|179900|59.5|Suokatu 16 A
Keskusta|Kuopio|K|1962|2396|127000|53|Snellmaninkatu 22
Saaristokaupunki|Kuopio|R|2024|3860|359000|93|Kuunsilta 10 B 11
Keskusta|Kuopio|K|1958|2607|159000|61|Mäkikatu 4
Vuotjärvi|Kuopio|O|1992|1217|174000|143|Lastulahdentie 540
Lastukoski|Kuopio|O|0|1453|138000|95|Salmenpellontie 70
Lehtoniemi|Kuopio|K|2017|530|29653|56|Järvihelmenkatu 1 C 13
Rypysuo|Kuopio|R|1979|1434|114000|79.5|Verhiöpolku 4 A
Kortejoki|Kuopio|O|0|1629|228000|140|Saunarannantie 9
Niirala|Kuopio|K|1969|2867|119000|41.5|Rajakatu 27
Räsälä|Kuopio|O|0|796|90000|113|Leppävirrantie 60
Hatsala|Kuopio|K|2026|4077|212000|52|Hannes Kolehmaisen katu 11 A 49
Hatsala|Kuopio|K|2023|5345|147000|27.5|Valkeisenkatu 2
Lehtoniemi|Kuopio|K|2014|3216|119000|37|Lehtoniementie 116
Neulamäki|Kuopio|K|1988|1062|60000|56.5|Juontotie 14
Keskusta|Kuopio|K|1952|2726|169000|62|Puistokatu 8
Petonen|Kuopio|R|1987|2000|142000|71|Piekanankuja 2 D
Keskusta|Kuopio|K|1980|2486|89500|36|Snellmaninkatu 15
Maaninka|Kuopio|R|1974|698|34900|50|Hilimantie 6
Päiväranta|Kuopio|K|1968|1095|75000|68.5|Pikku-kaari 7
Saarijärvi|A Kuopio|K|1970|1241|72000|58|Kullervonkatu 29 D
Kettulanlahti|Kuopio|O|1971|1142|129000|113|Taivalharjuntie 2
Keskusta|Kuopio|K|1983|3275|339000|103.5|Haapaniemenkatu 40
Julkula|Kuopio|R|1979|1373|114000|83|Julkulanniementie 2 H
Keskusta|Kuopio|K|1964|3011|138500|46|Kuninkaankatu 32
Puijonlaakso|Kuopio|K|2018|3337|206900|62|Sompatie 6 C
Keskusta|Kuopio|K|1973|1356|99000|73|Vuorikatu 34
Niirala|Kuopio|K|1965|2969|95000|32|Rajakatu 21
Lehtoniemi|Kuopio|K|2013|2405|159900|66.5|Messuportinkatu 8 C
Puijonlaakso|Kuopio|R|1976|1558|169000|108.5|Samoilijantie 14 A
Saarijärvi|A Kuopio|K|1970|661|39000|59|Ilmarisentie 18
Syvänniemi|Kuopio|O|1954|918|178000|194|Ilopurontie 550
Savolanniemi|Kuopio|R|2005|2416|215000|89|Varraspolku 6
keskusta|Kuopio|K|2004|3421|183000|53.5|Suokatu 24
Lönnrotinkatu 27 A|Kuopio|K|2015|2953|194900|66|Lönnrotinkatu 27 A
Puijonlaakso|Kuopio|R|1977|1134|139500|123|Samoilijantie 9
Pihlajalaakso|Kuopio|K|2018|3446|112000|32.5|Ruutikellarinkatu 5 A
Lönnrotinkatu 27 A|Kuopio|K|2015|2809|162900|58|Lönnrotinkatu 27 A
Hatsala|Kuopio|K|2026|3985|259000|65|Hannes Kolehmaisen katu 11 A 43
Hatsala|Kuopio|K|2026|4778|129000|27|Hannes Kolehmaisen katu 11 A 56
Hatsala|Kuopio|K|2026|3938|319000|81|Hannes Kolehmaisen katu 11 A 32
Hatsala|Kuopio|K|2026|4630|125000|27|Hannes Kolehmaisen katu 11 A 4
Lönnrotinkatu 27 A|Kuopio|K|2015|3150|207900|66|Lönnrotinkatu 27 A
Saarijärvi|B Kuopio|K|1974|691|32500|47|Saarijärventie 13
Pajulahti|Kuopio|O|1970|996|119000|119.5|Pellonperäntie 14
Petonen|Kuopio|R|1988|1787|159000|89|Piekanankuja 6
Länsi-Puijo|Kuopio|K|1976|969|77000|79.5|Rypysuontie 74
Keskusta|Kuopio|K|2025|5284|251000|47.5|Maaherrankatu 25 C 21
Keskusta|Kuopio|K|2025|5297|158900|30|Maaherrankatu 25 C 19
Keskusta|Kuopio|K|2025|6692|174000|26|Maaherrankatu 25 C 22
Keskusta|Kuopio|K|2025|4989|354200|71|Maaherrankatu 25 C 18
Keskusta|Kuopio|K|2025|4638|317700|68.5|Maaherrankatu 25 C 10
Keskusta|Kuopio|K|2025|6308|164000|26|Maaherrankatu 25 C 9
Keskusta|Kuopio|K|2025|4429|228100|51.5|Maaherrankatu 25 C 7
Keskusta|Kuopio|K|2025|5596|148300|26.5|Maaherrankatu 25 C 6
Keskusta|Kuopio|K|2025|5203|156100|30|Maaherrankatu 25 C 12
Keskusta|Kuopio|K|2025|6147|209000|34|Maaherrankatu 25 B 23
Keskusta|Kuopio|K|2025|4894|208000|42.5|Maaherrankatu 25 B
Keskusta|Kuopio|K|2025|4778|215000|45|Maaherrankatu 25 B 6
Keskusta|Kuopio|K|2025|4713|271000|57.5|Maaherrankatu 25 B 11
Keskusta|Kuopio|K|2025|4870|280000|57.5|Maaherrankatu 25 B 16
Keskusta|Kuopio|K|2025|4737|450000|95|Maaherrankatu 25 B 15
Keskusta|Kuopio|K|2025|4928|239000|48.5|Maaherrankatu 25 B 13
Keskusta|Kuopio|K|2025|4619|224000|48.5|Maaherrankatu 25 B 1
Keskusta|Kuopio|K|2025|5132|307900|60|Maaherrankatu 25 B 3
Pitkälahti|Kuopio|R|1994|1904|219000|115|Itikka-ahontie 12
Keskusta|Kuopio|K|1975|2787|85000|30.5|Kuninkaankatu 20 B
Rautaniemi|Kuopio|R|2020|3085|219000|71|Kalliotörmänkatu 11
Maaninka|Kuopio|R|1980|913|36500|40|Toukolantie 9 as. 4
Keskusta|Kuopio|K|1962|1571|165000|105|Asemakatu 14 A
Nilsiä|Kuopio|O|1976|806|58000|72|Rotinapolku 6
Muuruvesi|Kuopio|O|2008|2644|349000|132|Petäjäniementie 232
Keskusta|Kuopio|K|2009|3319|229000|69|Tulliportinkatu 7
Saaristokaupunki|Kuopio|K|2022|3500|147000|42|Lehtoniementie 130 A
Kelloniemi|Kuopio|K|1976|678|39000|57.5|Ruoritie 4
Saarijärvi|B Kuopio|K|1974|921|69500|75.5|Saarijärventie 19
Saaristokaupunki|Kuopio|R|2021|2759|229000|83|Pirtinkaari 14 C
Palonurmi|Kuopio|O|1950|1082|119000|110|Hirvisalmentie 88
Jynkkä|Kuopio|K|1979|632|55000|87|Maitotie 7
Nilsiä|Kuopio|O|1967|1033|95000|92|Keskisentie 4
Keskusta|Kuopio|K|2022|4542|218000|48|Asemakatu 1b A
Savilahti|Kuopio|K|2026|525|32284|61.5|Neulaniementie 8
Petonen|Kuopio|R|1989|1333|104000|78|Litmasenkaari 3
Petonen|Kuopio|K|1988|1327|75000|56.5|Huuhkajankuja 4 B
Savolanniemi|Kuopio|R|2023|3942|410000|104|Kuunsilta 10
Keskusta|Kuopio|K|2023|4657|312000|67|Maaherrankatu 25
Saaristokaupunki|Kuopio|O|2011|2253|419000|186|Saunaniemenkatu 28 B
Päiväranta|Kuopio|K|1999|1336|89500|67|Lakeissuontie 5
Pihlajalaakso|Kuopio|K|2017|3146|129000|41|Poukamankatu 16
Saaristokaupunki|Kuopio|R|2011|2571|225000|87.5|Haltijankatu 1
Saaristokaupunki|Kuopio|R|2027|3010|316000|105|Lehtoniementie 154 B 6
Hiltulanlahti|Kuopio|O|1970|1672|194000|116|Humalajoki 28
Neulamäki|Kuopio|K|1987|1189|110000|92.5|Mottitie 10 A
Lehtoniemi|Kuopio|R|2012|3875|465000|120|Keilankallionkatu 1
Itkonniemi|Kuopio|R|1928|1286|45000|35|Honkalahdenkatu 2 A 5
Petonen|Kuopio|K|1992|1609|74000|46|Tikaskatu 3 B
Niirala|Kuopio|K|1959|2411|149500|62|Valkeisenkatu 11
Petonen|Kuopio|R|1990|1767|152000|86|Petosenmutka 8
Pihlajalaakso|Kuopio|K|2015|515|36036|70|Poukamankatu 11 A 19
Keskusta|Kuopio|K|2020|5500|220000|40|Tulliportinkatu 50
Nilsiä|Kuopio|O|1999|707|118000|167|Kotipolku 10
Puijonlaakso|Kuopio|K|1973|1778|224000|126|Taivaanpankontie 1
Saaristokaupunki|Kuopio|R|2027|3043|286000|94|Lehtoniementie 154 B 3
Julkula|Kuopio|R|1983|1568|174000|111|Vanhanpaikantie 3
Keskusta|Kuopio|K|1999|2826|219000|77.5|Haapaniemenkatu 11 A
Keskusta|Kuopio|K|1963|2038|159000|78|Kuninkaankatu 28
Savilahti|Kuopio|K|2026|503|37479|74.5|Neulaniementie 8
Savilahti|Kuopio|K|2026|530|32602|61.5|Neulaniementie 8
Linnanpelto|Kuopio|O|1927|2369|199000|84|Kauppis-Heikin katu 3
Lehtoniemi|Kuopio|K|2016|2969|95000|32|Messuportinkatu 4
Kaartokatu 49|Kuopio|K|2023|3770|164000|43.5|Kaartokatu 49
Airaksela|Kuopio|O|1930|900|225000|250|Airakselantie 339
Hatsala|Kuopio|K|2026|3031|1100400|363|Hannes Kolehmaisen katu 11 LH 1
Lehtoniemi|Kuopio|K|2014|513|25923|50.5|Kotilokatu 1 B 42
Kelloniemi|Kuopio|R|1979|1418|139000|98|Touvitie 18 B
Savilahti|Kuopio|K|2026|515|31648|61.5|Neulaniementie 8
Petonen|Kuopio|R|1989|2145|148000|69|Mäkirinne 24 C
Vehmersalmi|Kuopio|R|1982|973|71000|73|Salmentie 25 B12
Rytky|Kuopio|O|1948|1480|185000|125|Lumpeisentie 57
Puijonlaakso|Kuopio|K|1965|1982|108000|54.5|Hiihtäjäntie 8
Hatsala|Kuopio|K|2026|3877|252000|65|Hannes Kolehmaisen katu 11 A 27
Hatsala|Kuopio|K|2026|3815|309000|81|Hannes Kolehmaisen katu 11 A 16
Hatsala|Kuopio|K|2026|4704|127000|27|Hannes Kolehmaisen katu 11 A 15
Hatsala|Kuopio|K|2026|5148|139000|27|Hannes Kolehmaisen katu 11 A 38
Hatsala|Kuopio|K|2026|3831|249000|65|Hannes Kolehmaisen katu 11 A 19
Hatsala|Kuopio|K|2026|4152|274000|66|Hannes Kolehmaisen katu 11 A 39
Hatsala|Kuopio|K|2026|4045|267000|66|Hannes Kolehmaisen katu 11 A 31
Hatsala|Kuopio|K|2026|3889|315000|81|Hannes Kolehmaisen katu 11 A 24
Hatsala|Kuopio|K|2026|4139|298000|72|Hannes Kolehmaisen katu 11 A 36
Hatsala|Kuopio|K|2026|4400|154000|35|Hannes Kolehmaisen katu 11 A 45
Hatsala|Kuopio|K|2026|3924|259000|66|Hannes Kolehmaisen katu 11 A 23
Hatsala|Kuopio|K|2026|3857|135000|35|Hannes Kolehmaisen katu 11 A 3
Hatsala|Kuopio|K|2026|3765|305000|81|Hannes Kolehmaisen katu 11 A 7
Hatsala|Kuopio|K|2026|4630|125000|27|Hannes Kolehmaisen katu 11 A 6
Hatsala|Kuopio|K|2026|3615|235000|65|Hannes Kolehmaisen katu 11 A 1
Jynkkä|Kuopio|O|1980|1173|115000|98|Notkotie 7 talo
Keskusta|Kuopio|K|1962|2310|149000|64.5|Hatsalankatu 33 A
Keskusta|Kuopio|K|1962|2306|179900|78|Snellmaninkatu 22
Kelloniemi|Kuopio|R|1979|1112|109000|98|Touvitie 18
Saaristokaupunki|Kuopio|R|2010|2532|195000|77|Saunaniitynkatu 2
Keskusta|Kuopio|K|2009|3278|159000|48.5|Snellmaninkatu 37 B
Keskusta|Kuopio|K|1999|3175|154000|48.5|Myllykatu 12 A
Saaristokaupunki|Kuopio|R|2023|2750|294000|106.9|Rautokannantie 9 A
Männistö|Kuopio|K|1969|1063|59500|56|Lönnrotinkatu 18
Jynkkä|Kuopio|K|1979|784|69000|88|Maitotie 7
Maaninka|Kuopio|R|1975|729|25500|35|Mutkalantie 1-9 B
Lehtoniemi|Kuopio|K|2014|2168|165000|76.1|Kanavaharjunkatu 18
keskusta|Kuopio|K|1955|2642|70000|26.5|Suokatu 43
Maaninka|Kuopio|O|1992|1292|149900|116|Eteläniementie 40
Käränkä|Kuopio|K|2016|2868|152000|53|Kärängänkatu 2
Litmanen|Kuopio|R|1990|1488|119000|80|Koiravedenkatu 15 B
Linnanpelto|Kuopio|O|1956|860|135000|157|Karppasentie 6
Keskusta|Kuopio|K|1963|2682|118000|44|Savonkatu 20
Niirala|Kuopio|K|2023|4447|169000|38|Valkeisenkatu 2 C
Neulamäki|Kuopio|R|1986|1506|119000|79|Lehväkuja 11 C
Jynkkä|Kuopio|O|1981|1990|199000|100|Notkotie 4
Litmanen|Kuopio|R|1990|1720|129000|75|Mäkirinne 9
Saaristokaupunki|Kuopio|K|2013|3155|153000|48.5|Messuportinkatu 8 B
Keskusta|Kuopio|K|1956|2955|164000|55.5|Puijonkatu 22 B
Länsi-Puijo|Kuopio|K|1975|832|64500|77.5|Rypysuontie 53
Pihlajalaakso|Kuopio|K|2017|3371|118000|35|Poukamankatu 23
Pellesmäki|Kuopio|O|1969|709|98000|138.3|Lehtopirtintie 48
Saaristokaupunki|Kuopio|K|2017|4787|225000|47|Kanavanranta 10
Julkula|Kuopio|K|1981|1059|54000|51|Välilahdentie 7 A
Pihlajalaakso|Kuopio|K|2015|522|36532|70|Poukamankatu 11 A 25
Nilsiä|Kuopio|R|1990|874|45000|51.5|Jenunraitti 2
Keskusta|Kuopio|K|2013|4080|357000|87.5|Haapaniemenkatu 19
Inkilänmäki|Kuopio|K|1972|1127|89000|79|Inkilänmäenkatu 20 B
Viitaniemi|Kuopio|O|2017|5093|550000|108|Inhiläntie 151
Niirala|Kuopio|O|1946|1470|247000|168|Huuhankatu 27
Rahusenkangas|Kuopio|O|1972|1639|295000|180|Ritosentie 1
Savolanniemi|Kuopio|R|2003|2000|232000|116|Kotirannankuja 7
Puijonlaakso|Kuopio|K|2023|4585|149000|32.5|Taivaanpankontie 27 a
Männistö|Kuopio|K|1968|1545|112000|72.5|Lönnrotinkatu 10
Niirala|Kuopio|K|1965|2288|119000|52|Rinnekatu 2-4
Keskusta|Kuopio|K|2022|4933|185000|37.5|Suokatu 25 B
Keskusta|Kuopio|K|2017|6036|169000|28|Asemakatu 1 b A
Keskusta|Kuopio|K|0|4841|167000|34.5|Maaherrankatu 25 B 4
Keskusta|Kuopio|K|0|5113|248000|48.5|Maaherrankatu 25 B 18
Puijonlaakso|Kuopio|R|1976|1475|160000|108.5|Samoilijantie 14 B
Keskusta|Kuopio|K|1979|1802|109000|60.5|Kirkkokatu 52 A
Saaristokaupunki|Kuopio|K|2024|3630|112515|31|Lehtoniementie 133
Pihkainmäki|Kuopio|O|1986|1151|175000|152|Pihkaraitti 2
Karttula|Kuopio|O|2008|1528|162000|106|Kalliokuja 10
Levänen|Kuopio|O|1989|1558|310000|199|Leväsentie 14
Saaristokaupunki|Kuopio|K|2012|2952|155000|52.5|Helminauha 2 A
Neulamäki|Kuopio|K|1984|1051|62000|59|Neulastie 2
Saaristokaupunki|Kuopio|K|2022|3440|172000|50|Laivakatu 1
Pihlajalaakso|Kuopio|K|2018|3079|117000|38|Ruutikellarinkatu 5 B
Kelloniemi|Kuopio|K|1981|1033|62000|60|Luotsitie 8 a 4
Itkonniemi|Kuopio|K|1949|1517|110000|72.5|Koljonvirrankatu 16 B
Puijonlaakso|Kuopio|K|1972|1811|144000|79.5|Ahkiotie 10
Saaristokaupunki|Kuopio|R|2024|2979|280000|94|Susisalmenkatu 5 A 2
Saaristokaupunki|Kuopio|K|2020|4598|206000|44.8|Kanavanranta 4
Rönö|Kuopio|R|2005|3290|329000|100|Honkasaarentie 6
Savolanniemi|Kuopio|O|2007|3395|825000|243|Rantaraitti 22 A
Puijonlaakso|Kuopio|K|1967|1730|109000|63|Taivaanpankontie 17 B
Niirala|Kuopio|O|1953|1815|245000|135|Kehäkatu 37
Puijonlaakso|Kuopio|K|1966|1766|136000|77|Suunnistajantie 3
Männistö|Kuopio|K|1978|1387|105439|76|Lönnrotinkatu 3
Keskusta|Kuopio|K|1966|2756|328000|119|Haapaniemenkatu 6
Keskusta|Kuopio|K|1966|2429|289000|119|Haapaniemenkatu 6 A
Keskusta|Kuopio|K|1975|2342|89000|38|Puijonkatu 9 A
Kuopio|Kuopio|K|1975|2479|119000|48|Puijonkatu 9 A
Saarijärvi|Kuopio|K|1974|825|78000|94.5|Saarijärventie 21
Männistö|Kuopio|K|1974|1765|60000|34|Väinämöisenkatu 1-3
Keskusta|Kuopio|K|2021|4650|365000|78.5|Puutarhakatu 9 B
Haapaniemi|Kuopio|K|2020|4535|287999|63.5|Kaartokatu 44
Maljalahti|Kuopio|K|2016|3880|452000|116.5|Sammonkatu 20 A
Käränkä|Kuopio|K|2018|3196|179000|56|Kärängänkatu 8
Pihlajalaakso|Kuopio|K|2017|3008|189500|63|Poukamankatu 23
Puijonlaakso|Kuopio|K|2022|4314|185500|43|Sompatie 4 A
Linnanpelto|Kuopio|R|1925|1767|129000|73|Linnanpellonkatu 5
Keskusta|Kuopio|K|2023|4443|195500|44|Valkeisenkatu 2
Nilsiä|Kuopio|R|1984|561|39000|69.5|Koivutie 9 B
Lehtoniemi|/ Saaristokaupunki Kuopio|K|2014|2690|139900|52|Messuportinkatu 4
Lehtoniemi|Kuopio|K|2015|2159|147900|68.5|Messuportinkatu 4
Keskusta|Kuopio|K|2025|5113|248000|48.5|Maaherrankatu 25 B 18
Keskusta|Kuopio|K|2025|4841|167000|34.5|Maaherrankatu 25 B 4
Keskusta|Kuopio|K|1964|894|59000|66|Vuorikatu 35
Inkilänmäki|Kuopio|K|1971|1298|122000|94|Inkilänmäenkatu 16
Keskusta|Kuopio|K|2025|4387|261000|59.5|Maaherrankatu 25 C 3
Keskusta|Kuopio|K|2025|4962|339900|68.5|Maaherrankatu 25 C 23
Keskusta|Kuopio|K|0|4864|381800|78.5|Maaherrankatu 25 C 26
Keskusta|Kuopio|K|0|5116|486000|95|Maaherrankatu 25 B 20
Keskusta|Kuopio|K|0|5111|230000|45|Maaherrankatu 25 B 17
Keskusta|Kuopio|K|0|4870|280000|57.5|Maaherrankatu 25 B 16
Rypysuo|/ Länsi-Puijo Kuopio|O|1972|725|169000|233|Puolukkatie 11
Keskusta|Kuopio|K|0|6308|164000|26|Maaherrankatu 25 C 9
Keskusta|Kuopio|K|0|6692|174000|26|Maaherrankatu 25 C 22
Keskusta|Kuopio|K|0|5596|148300|26.5|Maaherrankatu 25 C 6
Keskusta|Kuopio|K|0|5203|156100|30|Maaherrankatu 25 C 12
Keskusta|Kuopio|K|0|5333|240000|45|Maaherrankatu 25 B 22
Keskusta|Kuopio|K|0|5271|224000|42.5|Maaherrankatu 25 B 19
Keskusta|Kuopio|K|0|4778|215000|45|Maaherrankatu 25 B 6
Keskusta|Kuopio|K|0|5297|158900|30|Maaherrankatu 25 C 19
Keskusta|Kuopio|K|0|4619|224000|48.5|Maaherrankatu 25 B 1
Keskusta|Kuopio|K|0|4928|239000|48.5|Maaherrankatu 25 B 13
Keskusta|Kuopio|K|0|4429|228100|51.5|Maaherrankatu 25 C 7
Keskusta|Kuopio|K|0|4713|271000|57.5|Maaherrankatu 25 B 11
Keskusta|Kuopio|K|0|5132|307900|60|Maaherrankatu 25 B 3
Keskusta|Kuopio|K|0|4737|450000|95|Maaherrankatu 25 B 15
Keskusta|Kuopio|K|0|4638|317700|68.5|Maaherrankatu 25 C 10
Keskusta|Kuopio|K|0|4989|354200|71|Maaherrankatu 25 C 18
Keskusta|Kuopio|K|0|4962|339900|68.5|Maaherrankatu 25 C 23
Savilahti|Kuopio|K|2024|510|35437|69.5|Sarastuskaari 14
Savilahti|Kuopio|K|2024|505|35078|69.5|Sarastuskaari 14
Savilahti|Kuopio|K|2024|500|34718|69.5|Sarastuskaari 14
Keskusta|Kuopio|K|2025|4583|236000|51.5|Maaherrankatu 25 C 14
Multimäki|Kuopio|K|0|3333|130000|39|Puijonkatu 24 B 30
Päiväranta|Kuopio|K|1970|1326|129900|98|Lakeissuontie 10 C
Rahusenkangas|Kuopio|R|1990|2157|179000|83|Ritosentie 24
Länsi-Puijo|Kuopio|R|1977|1188|95000|80|Teriöpolku 4
Saarijärvi|A Kuopio|K|0|2611|88000|33.7|Ilmarisentie 10
Haapaniemi|Kuopio|K|1960|2189|114900|52.5|Tehdaskatu 9 A
Pirttiniemi|Kuopio|O|2020|3441|695000|202|Suusaarenkierto 62
Saaristokaupunki|Kuopio|K|2018|567|26365|46.5|Matkusniemenkatu 9
Nilsiä|Kuopio|O|2009|3962|315000|79.5|Tervaniementie 353 a
Hiltulanlahti|Kuopio|R|2022|2919|289000|99|Sudenmarja 12 A3
Nilsiä|Kuopio|R|1975|793|69000|87|Uusipolku 4
Kettulanlahti|Kuopio|R|1965|846|99000|117|Kettulanlahdentie 21
Jynkkä|Kuopio|R|1979|1359|79500|58.5|Kermatie 25
Saarijärvi|Kuopio|K|1973|679|38000|56|Saarijärventie 17
keskusta|Kuopio|K|2021|4686|239000|51|Puutarhakatu 9
Maljalahti|Kuopio|K|2024|5549|277443|50|Sammonkatu 26 B46
Puijonlaakso|Kuopio|K|2017|3498|167900|48|Taivaanpankontie 10
Keskusta|Kuopio|K|2013|3808|239900|63|Asemakatu 26
Pihlajalaakso|Kuopio|K|2014|3137|160000|51|Poukamankatu 27
Keskusta|Kuopio|K|1962|2750|110000|40|Kasarmikatu 4
Lehtoniemi|Kuopio|K|2015|2325|120900|52|Messuportinkatu 4 A
Saarijärvi|Kuopio|K|1973|539|38000|70.5|Saarijärventie 15
Jynkkä|Kuopio|R|1977|1479|105000|71|Petosenkatu 1
Haapaniemi|Kuopio|K|2020|664|32889|49.5|Kaartokatu 46
Saaristokaupunki|Kuopio|K|2024|35746|178730|5|Lehtoniementie 133
Rahusenkangas|Kuopio|R|1989|2141|167000|78|Ritosentie 20
Inkilänmäki|Kuopio|K|1973|986|69000|70|Inkilänmäenkatu 20
Niirala|Kuopio|K|1970|2326|127000|54.6|Huuhankatu 16
Haapaniemi|Kuopio|K|2023|4566|226000|49.5|Kaartokatu 49 A19
Haapaniemi|Kuopio|K|2023|4045|271000|67|Kaartokatu 49 A3
Haapaniemi|Kuopio|K|2023|4890|222500|45.5|Kaartokatu 49 B25
Haapaniemi|Kuopio|K|2023|4824|219500|45.5|Kaartokatu 49 B20
Haapaniemi|Kuopio|K|2023|4758|216500|45.5|Kaartokatu 49 B14
Haapaniemi|Kuopio|K|2023|5126|223000|43.5|Kaartokatu 49 A35
Keskusta|Kuopio|K|2022|4415|181000|41|Puutarhakatu 11
Puijonlaakso|Kuopio|K|2021|5071|142000|28|Taivaanpankontie 27
Puijonlaakso|Kuopio|K|2017|2845|184900|65|Taivaanpankontie 10
Kelloniemi|Kuopio|K|1975|760|39500|52|Luotsitie 14
Keskusta|Kuopio|K|2020|3604|191000|53|Tulliportinkatu 52
Puijonlaakso|Kuopio|K|2021|4545|175000|38.5|Taivaanpankontie 27
Keskusta|Kuopio|K|1966|2324|165000|71|Kasarmikatu 1
Neulamäki|Kuopio|O|1982|2286|240000|105|Neulastie 5
Särkiniemi|Kuopio|R|1960|1703|155000|91|Niittytie 20 A
Pirtti|Kuopio|R|1998|1722|124000|72|Orsitie 5
Keskusta|Kuopio|K|2024|5451|308000|56.5|Sairaalakatu 4 A14
Keskusta|Kuopio|K|2024|5108|288600|56.5|Sairaalakatu 4 A1
Haapaniemi|Kuopio|R|1920|1859|132000|71|Kaartokatu 13
Puijonlaakso|Kuopio|K|2021|584|39976|68.5|Taivaanpankontie 27
Riistavesi|Kuopio|O|1987|1052|159900|152|Peltokuja 2
Karttulan|keskusta Kuopio|O|1949|1206|82000|68|Harjuntie 3
Puijonlaakso|Kuopio|K|2021|562|31780|56.5|Taivaanpankontie 27
Niirala|Kuopio|K|1975|1713|197000|115|Niiralankatu 16
Neulamäki|Kuopio|K|1982|1630|75000|46|Juontotie 3
Päiväranta|Kuopio|K|1970|1261|84500|67|Lakeissuontie 10
Keskusta|Kuopio|K|1962|2500|120000|48|Torikatu 21
Juankoski|Kuopio|O|1954|860|86000|100|Patruunantie 20
Haapaniemi|Kuopio|K|2023|4045|271000|67|Kaartokatu 49 A3
Haapaniemi|Kuopio|K|2023|4890|222500|45.5|Kaartokatu 49 B 25
Keskusta|Kuopio|K|2025|5111|230000|45|Maaherrankatu 25 B 17
Keskusta|Kuopio|K|1976|2260|165000|73|Vuorikatu 34
Saaristokaupunki|Kuopio|K|2024|2568|179775|70|Lehtoniementie 133 A 2
Saaristokaupunki|Kuopio|K|2024|3150|163800|52|Lehtoniementie 133 A 1
Keskusta|Kuopio|K|2025|6450|167700|26|Maaherrankatu 25 C 16
Keskusta|Kuopio|K|2025|4669|331500|71|Maaherrankatu 25 C 4
Männistö|Kuopio|K|1989|1306|67900|52|Honkaharjunkatu 2
Kelloniemi|Kuopio|K|1975|896|79900|89.2|Tuhtotie 4 F
Maljalahti|Kuopio|K|2024|4805|240238|50|Sammonkatu 26 A2
Keskusta|Kuopio|K|2019|4382|149000|34|Puijonkatu 29
Neulamäki|Kuopio|R|1981|1153|98000|85|Petkelkuja 2
Neulamäki|Kuopio|K|1980|1197|70000|58.5|Metsurintie 10
Länsi-Puijo|Kuopio|R|1974|1072|69700|65|Mustikkatie 26 A 2
Pihlajalaakso|Kuopio|K|2017|3325|133000|40|Poukamankatu 23 A17
Saaristokaupunki|Kuopio|K|2024|2568|179775|70|Lehtoniementie 133
Maaninka|Kinnulanlahti Kuopio|O|1950|1520|152000|100|Sinikiventie 49
Syvänniemi|Kuopio|O|1991|1643|189000|115|Puistolantie 14
Niirala|Kuopio|K|1954|1678|99000|59|Harjukatu 31
Jynkkä|Kuopio|R|1977|1324|94000|71|Petosenkatu 1
Saarijärvi|B Kuopio|K|1973|1352|98000|72.5|Saarijärventie 11
Maaninka|Kuopio|O|1974|757|89000|117.5|Ruuskalantie 8
Neulamäki|Kuopio|R|1983|1563|125000|80|Leimaajantie 7
Saaristokaupunki|Kuopio|K|2014|2806|152900|54.5|Järvihelmenkatu 9 A
Maaninka|keskusta Kuopio|K|2008|1478|85000|57.5|Kirkkopuistontie 3
Keskusta|Kuopio|K|1975|2403|253500|105.5|Puistokatu 6
Männistö|Kuopio|K|1970|1015|59900|59|Ilmarisentie 18
Puijonlaakso|Kuopio|K|2023|4521|165000|36.5|Suunnistajantie 6 A
Särkiniemi|Kuopio|R|1968|966|115000|119|Sammalniementie 6
Rönö|Kuopio|R|2024|4556|533000|117|Tiilisaarentie 2 A 1
Itkonniemi|Kuopio|K|1948|662|24500|37|Honkalahdenkatu 10
Keskusta|Kuopio|K|1982|2946|109000|37|Tulliportinkatu 25
Maljalahti|Kuopio|K|2024|5509|256183|46.5|Sammonkatu 26 B47
Maljalahti|Kuopio|K|2024|5395|250868|46.5|Sammonkatu 26 B41
Maljalahti|Kuopio|K|2024|5421|271065|50|Sammonkatu 26 B40
Maljalahti|Kuopio|K|2024|5754|264687|46|Sammonkatu 26 A30
Maljalahti|Kuopio|K|2024|5283|261498|49.5|Sammonkatu 26 A25
Maljalahti|Kuopio|K|2024|5081|254057|50|Sammonkatu 26 A23
Maljalahti|Kuopio|K|2024|5017|250868|50|Sammonkatu 26 A18
Maljalahti|Kuopio|K|2024|4975|248742|50|Sammonkatu 26 A15
Maljalahti|Kuopio|K|2024|4911|245553|50|Sammonkatu 26 A10
Saaristokaupunki|Kuopio|K|2024|3260|210270|64.5|Lehtoniementie 133 A19
Saaristokaupunki|Kuopio|K|2024|3021|211500|70|Lehtoniementie 133 A2
Puijonlaakso|Kuopio|K|2018|3241|175000|54|Sompatie 6
Keskusta|Kuopio|K|2025|4926|234000|47.5|Maaherrankatu 25 C 8
Saaristokaupunki|Kuopio|K|2024|3021|211500|70|Lehtoniementie 133 A 2
Keskusta|Kuopio|K|2025|5732|151900|26.5|Maaherrankatu 25 C 13
Keskusta|Kuopio|K|2025|5080|152400|30|Maaherrankatu 25 C 5
Keskusta|Kuopio|K|2025|5719|163000|28.5|Maaherrankatu 25 C 2
Keskusta|Kuopio|K|2025|4708|226000|48|Maaherrankatu 25 C 1
Keskusta|Kuopio|K|2025|5333|240000|45|Maaherrankatu 25 B 22
Keskusta|Kuopio|K|2025|4957|171000|34.5|Maaherrankatu 25 B 10
Keskusta|Kuopio|K|2025|4956|223000|45|Maaherrankatu 25 B 12
Keskusta|Kuopio|K|2025|4694|199500|42.5|Maaherrankatu 25 B 2
Keskusta|Kuopio|K|2025|4786|232100|48.5|Maaherrankatu 25 B 7
Keskusta|Kuopio|K|2025|5300|318000|60|Maaherrankatu 25 B 9
Saaristokaupunki|Kuopio|K|2024|3150|163800|52|Lehtoniementie 133 A 1
Keskusta|Kuopio|K|1966|2789|159000|57|Haapaniemenkatu 6
Saaristokaupunki|Kuopio|K|2012|2432|173900|71.5|Kanavaharjunkatu 3 A
Jynkkä|Kuopio|R|1980|1422|199800|140.5|Kirnukuja 6
Levänen|Kuopio|K|1979|684|52000|76|Myllärintie 61
Keskusta|Kuopio|K|2013|3652|189900|52|Asemakatu 26 A
Maljalahti|Kuopio|K|2024|5395|250868|46.5|Sammonkatu 26 B 41
Maljalahti|Kuopio|K|2024|6191|458153|74|Sammonkatu 26 A 29
Maljalahti|Kuopio|K|2024|5283|261498|49.5|Sammonkatu 26 A 25
Maljalahti|Kuopio|K|2018|4839|137900|28.5|Sammonkatu 22 B
Pappilanmäki|Kuopio|K|2013|3025|167900|55.5|Ruustinnankuja 8 B
Saaristokaupunki|Kuopio|K|2024|3260|210270|64.5|Lehtoniementie 133 A 19
Keskusta|Kuopio|K|1965|2207|149000|67.5|Kuopionlahdenkatu 29
Saaristokaupunki|Kuopio|K|2020|3567|149800|42|Vanhankallionkatu 8 A
Männistö|Kuopio|K|1972|1996|239500|120|Annikintie 4
Vehmersalmi|Kuopio|R|1982|917|47700|52|Salmentie 25 B 8
Maljalahti|Kuopio|K|2024|4880|214726|44|Sammonkatu 26 A 13
Saaristokaupunki|Kuopio|R|2017|2776|199900|72|Kalakukonkatu 1 E 4
Keskusta|Kuopio|K|2023|5636|155000|27.5|Valkeisenkatu 2
Itkonniemi|Kuopio|K|1958|1893|74000|39.1|Itkonniemenkatu 34 B 7
Saaristokaupunki|Kuopio|O|2005|1576|320000|203|Jynkänlehdonkatu 2
Keskusta|Kuopio|K|1959|2194|68000|31|Raviradantie 4
Haapaniemi|Kuopio|K|2023|4626|210500|45.5|Kaartokatu 49 B 2
Haapaniemi|Kuopio|K|2023|4824|219500|45.5|Kaartokatu 49 B 20
Haapaniemi|Kuopio|K|2023|4692|213500|45.5|Kaartokatu 49 B 8
Haapaniemi|Kuopio|K|2023|4758|216500|45.5|Kaartokatu 49 B 14
Haapaniemi|Kuopio|K|2023|5126|223000|43.5|Kaartokatu 49 A35
Haapaniemi|Kuopio|K|2023|4566|226000|49.5|Kaartokatu 49 A19
Nilsiä|Kuopio|R|1990|1040|78000|75|Puusepäntie 22 as 4
Keskusta|Kuopio|K|1975|1694|155000|91.5|Kuninkaankatu 20
Riistavesi|Kuopio|R|1990|1597|99000|62|Kievaritie 15 a 3
Inkilänmäki|Kuopio|K|0|1067|56000|52.5|Inkilänmäenkatu 29 C32
Neulamäki|Kuopio|K|1982|2286|72000|31.5|Juontotie 3
Puijonlaakso|Kuopio|K|1974|2339|359000|153.5|Ahkiotie 12 A 19