Espoonlahti|Espoo|K|2006|4014|279000|69.5|Amiraalin puistotie 8 B
Soukka|Espoo|K|1972|2321|159000|68.5|Kastevuorenkuja 2
Tapiola|Espoo|K|2020|7360|368000|50|Suvikummuntie 1 D
Lintuvaara|Espoo|R|2022|5676|525000|92.5|Muuttolinnunreitti 10 D
Olari|Espoo|K|1981|2747|320000|116.5|Komeetankuja 4
Westend|Espoo|R|1988|13149|3800000|289|Lyökkiniemi 6
Kivenlahti|Espoo|K|1974|2578|299000|116|Maininkitie 9
Kauklahti|Espoo|R|2020|4385|228000|52|Valkamanpelto 1
Westend|Espoo|K|2024|7059|638800|90.5|Westendintie 99 B 2
Kavallinmäki|Espoo|R|1988|3701|235000|63.5|Vanha Turuntie 4
Tuomarila|Espoo|R|2021|5984|365000|61|Tasakalliontie 4 A
Veini, Laaksolahti|Espoo|O|1973|1082|158000|146|Karvarousku 4
Saunalahti|Espoo|K|2005|3481|235000|67.5|Myötätuulenmäki 1
Espoo|Espoo|K|1982|3414|239000|70|Ruutikellarinkuja 8 A
Leppävaara|Espoo|K|1999|3806|295000|77.5|Säterinkatu 7
Kivenlahti, Espoonlahti|Espoo|K|1974|2891|159000|55|Jälkimaininki 9 A
Nöykkiö|Espoo|R|2018|4973|368000|74|Martinkuja 7 b
Tapiola|Espoo|K|1955|5725|229000|40|Otsolahdentie 16
Haukilahti|Espoo|K|1978|3732|209000|56|Ahventie 5 A
Vermonniitty|Espoo|K|2019|5245|375000|71.5|Runoratsunkatu 3 A
Kavallinmäki|Espoo|R|1984|3723|309000|83|Siestankuja 24 B
Kaitaa|Espoo|K|2024|614|30721|50|Peijinkatu 1
Laaksolahti|Espoo|O|2001|4180|698000|167|Palomäentie 8
Latokaski|Espoo|R|0|5284|465000|88|Kantokuja 5
Matinkylä|Espoo|K|2005|4752|278000|58.5|Piispansilta 16 A 33
Muurala|Espoo|R|2006|4256|415000|97.5|Espoontie 16 B
Pohjois-Tapiola|Espoo|K|2027|5651|282540|50|Valkjärventie 7 B 31
Pohjois-Tapiola|Espoo|K|2027|7400|773317|104.5|Valkjärventie 7 B 34
Tapiola|Espoo|K|2027|8297|804800|97|Kalevalantie 5 B49
Tapiola|Espoo|K|2027|8172|318700|39|Kalevalantie 5 C72
Tapiola|Espoo|K|2027|9843|1013800|103|Kalevalantie 5 B53
Tapiola|Espoo|K|2027|8272|392900|47.5|Kalevalantie 5 B51
Kilo|Espoo|R|1984|3772|298000|79|Vasamatie 2 B
Olari|Espoo|K|1983|3861|139000|36|Meteorinkatu 3 B
Viherlaakso|Espoo|R|1964|3562|369000|103.6|Honkavaarantie 5 A
Gumböle|Espoo|R|2008|3333|320000|96|Rintamäentanhua 6 A
Niittykumpu|Espoo|R|1989|3865|458000|118.5|Reunaniitty 4 C
Kivenlahti, Marinsatama|Espoo|K|2021|6692|435000|65|Marinportti 6
Westend|Espoo|O|2025|12871|1300000|101|Puolukkatie 9 A
Soukka|Espoo|K|1970|2393|134000|56|Yläkartanontie 18
Kuninkainen, Kilo|Espoo|K|2014|5116|237900|46.5|Kilonportti 5 A
Matinkylä|Espoo|K|1985|3564|139000|39|Sepetlahdentie 12
Olari|Espoo|K|1973|2975|119000|40|Länsiportti 1 D
Niittykumpu|Espoo|K|2015|5858|251900|43|Niittyportinpolku 4 A
Olari|Espoo|K|1979|3906|125000|32|Meteorinkatu 4
Pohjois-Tapiola|Espoo|R|1982|3966|355000|89.5|Visakoivunkuja 17
Tapiola|Espoo|K|1981|3717|210000|56.5|Visamäki 4
Kauklahti|Espoo|R|2003|3674|349000|95|Hämäläistentie 11
Kurttila|Espoo|R|2024|3691|299000|81|Lusikkatie 24 C
Haukilahti|Espoo|K|1963|5664|145000|25.6|Hauenkalliontie 8
Piispansilta, Matinkylä|Espoo|K|2009|5385|315000|58.5|Nelikkokuja 12 A
Tillinmäki|Espoo|O|2017|5988|479000|80|Pujoparranpolku 5
Tuomarila|Espoo|K|2008|3436|378000|110|Kulovalkeankuja 4 M
Olari|Espoo|K|1980|3506|149000|42.5|Komeetankuja 1
Järvenperä|Espoo|R|2004|3313|376000|113.5|Haapaniemenrinne 5
Perusmäki|Espoo|R|2018|3689|169700|46|Daaliakuja 1
Henttaa|Espoo|O|2016|4993|729000|146|Maakirjantie 16
Lintuvaara|Espoo|R|2020|5214|438000|84|Tilhiparvenreitti 2
Tapiola|Espoo|K|2020|8765|298000|34|Kirjokansi 3 A
Friisilä, Olari|Espoo|O|2000|4856|658000|135.5|Koukkutie 26a
Kera|Espoo|K|2027|4557|139000|30.5|Artesaaninkatu 8 A 5
Tillinmäki|Espoo|O|2016|4445|889000|200|Tillinmaanpolku 4
Vallikallio|Espoo|K|2001|3739|218750|58.5|Veräjäkallionkatu 3
Tapiolan keskus, Tapiola|Espoo|K|1965|5795|255000|44|Sateenkaari 3 H
Nöykkiö|Espoo|K|2019|5831|344000|59|Eestinlaakso 11
Hanikka|Espoo|R|1974|2747|706000|257|Hanikka 13
Haukilahti|Espoo|K|1977|4625|259000|56|Ahventie 5 B
Leppävaara|Espoo|K|1993|3116|229000|73.5|Kyyhkysmäki 22
Lintuvaara|Espoo|R|2019|4855|369000|76|Sarvipöllönkuja 1
Tapiola|Espoo|K|1965|4958|238000|48|Hakarinne 6 H
Tapiola|Espoo|K|1955|4720|270000|57.2|Otsonkallio 3
Kiltakallio|Espoo|R|2000|3072|298000|97|Liittokuja 8 A
Puustellinmäki|Espoo|K|2022|5892|218000|37|Patruunakatu 8 A
Latokaski|Espoo|R|1997|382|39363|103|Malminhaka 8
Puolarmetsä|Espoo|R|1993|240|19169|80|Pisanniitty 2
Jouppi|Espoo|R|2000|408|42234|103.5|Joupinmäensyrjä 2
Suurpelto|Espoo|K|2022|4886|193000|39.5|Linda Tannerin kuja 1 A
Kivenlahti|Espoo|K|2026|4924|455500|92.5|Marinkallio 16 A 12
Mankkaa|Espoo|R|1974|3022|695000|230|Keltontie 10
Kilo|Espoo|K|2026|4882|239206|49|Nihtisillankuja 2 A 42
Kilo|Espoo|K|2026|4518|189764|42|Nihtisillankuja 2 A 45
Tillinmäki|Espoo|O|2008|3854|528000|137|Kedonkukantie 8
Kilo|Espoo|K|2026|4080|234600|57.5|Nihtisillankuja 2 A 19
Mankkaa|Espoo|R|1991|3980|585000|147|Vehkakulma 4
Kilo|Espoo|K|2026|4501|303846|67.5|Nihtisillankuja 2 A 43
Kilo|Espoo|K|2026|4554|159400|35|Nihtisillankuja 2 A 6
Kilo|Espoo|K|2026|5075|154800|30.5|Nihtisillankuja 2 A 40
Matinkylä|Espoo|K|1971|2891|159000|55|Aapelinkatu 10
Laurinlahti, Espoonlahti|Espoo|R|1978|2597|309000|119|Näkinkaari 13 E
Saunalahti|Espoo|K|2019|4164|127000|30.5|Linjaloistonkatu 7
Keskus|Espoo|K|1904|287|25802|90|Kiltakuja 1 G A 04
Viherlaakso|Espoo|O|1991|5388|528000|98|Kahisevantie 6 B
Kaitaa|Espoo|K|2024|597|28663|48|Peijinkatu 1
Espoonlahti|Espoo|R|1997|368|34264|93|Ristiniementie 16
Kaitaa|Espoo|K|2025|748|34405|46|Luoteisrinne 15
Kaitaa|Espoo|K|2025|706|46249|65.5|Luoteisrinne 15
Kaitaa|Espoo|K|2025|671|60702|90.5|Luoteisrinne 15
Leppävaara|Espoo|K|2026|4668|205387|44|Palokärjenkuja 1 A22
Lintuvaara|Espoo|K|2026|5196|278004|53.5|Palokärjenkuja 3 A1
Lintuvaara|Espoo|K|2026|4852|164983|34|Palokärjenkuja 1 A6
Leppävaara|Espoo|K|2026|5461|292153|53.5|Palokärjenkuja 3 A25
Lintuvaara|Espoo|K|2026|4598|229900|50|Palokärjenkuja 3 A8
Koukkuniemi|Espoo|R|2018|8554|1189000|139|Koukkuniemenportti 6 B
Kirkkojärvi|Espoo|K|1981|1370|100000|73|Kaivomestarinkatu 8
Haukilahti|Espoo|K|1964|6545|432000|66|Haukiverkko 2 D
Niipperi|Espoo|R|2001|417|38189|91.5|Suopurontie 3 B 03
Matinkylä|Espoo|K|2013|5352|289000|54|Matinniitynkuja 1 B
Leppävaara|Espoo|K|1987|3978|185000|46.5|Maalarinkuja 3
Soukka|Espoo|K|1970|2195|169000|77|Soukankuja 16
Ymmersta|Espoo|R|2005|4065|439000|108|Ymmerstanportti 8
Tuomarila, Espoon keskus|Espoo|R|1985|3458|249000|72|Heinäkuja 4
Saunalahti|Espoo|K|2018|742|30415|41|Reelinkikatu 4 B 51
Nöykkiö|Espoo|R|1995|3006|245000|81.5|Eestintaival 18
Laurinlahti, Espoonlahti|Espoo|K|2001|5689|475000|83.5|Espoonlahdenranta 19 D
Espoo|Espoo|R|1968|2930|378000|129|Sammenkuja 3
Matinkylä|Espoo|K|1972|3590|219000|61|Matinkuja 1 F
Tuomarila|Espoo|R|1989|3523|229000|65|Pitkännotkontie 10 D
Mankkaa|Espoo|R|1995|4081|506000|124|Kruununtie 19
Westend|Espoo|K|2027|8281|1329100|160.5|Munkkiluodonkuja 2 I81
Westend|Espoo|K|2027|7420|452600|61|Munkkiluodonkuja 2 I79
Kalajärvi|Espoo|O|1971|2483|298000|120|Kalajärventie 8a
Kivenlahti, Espoonlahti|Espoo|K|1977|3839|119000|31|Merivalkama 3 F
Lintukorpi|Espoo|O|1997|416|19144|46|Lintukorpi 13
Leppävaara|Espoo|K|1993|248|15279|61.5|Kyyhkysmäki 7
Leppävaara|Espoo|R|2016|3663|439500|120|Friisinmäentie 21-23
Tillinmäki|Espoo|O|2021|3814|450000|118|Vuoriharjuntie 18
Järvenperä|Espoo|K|2016|3143|165000|52.5|Pellaksenmäentie 15
Lintuvaara|Espoo|K|2027|5325|473900|89|Palokärjenkuja 3
Lintuvaara|Espoo|K|2026|5650|225998|40|Palokärjenkuja 3 A18
Olari|Espoo|K|1979|3442|148000|43|Meteorinkatu 4 D
Muurala|Espoo|R|1985|3114|274000|88|Lukkarintie 4
Laaksolahti|Espoo|O|1976|2624|328000|125|Hirsikalliontie 11
Tapiola|Espoo|R|2026|9666|1416100|146.5|Tuuliniitty 9 B 06
Tapiola|Espoo|K|2023|7827|649600|83|Tuuliniitty 7 B32
Tapiola|Espoo|K|2023|7306|741600|101.5|Tuuliniitty 7 A05
Tapiola|Espoo|R|2026|8994|1007300|112|Tuuliniitty 9 A 01
Tapiola|Espoo|K|2026|9249|952600|103|Tuuliniitty 9 C 13
Kurttila|Espoo|O|2021|4953|629000|127|Mäkituvantie 9 C
Niittykumpu|Espoo|K|2020|6500|299000|46|Niittykatu 10
Matinkylä|Espoo|K|2005|4726|319000|67.5|Piispansilta 16 A
Laurinlahti, Espoonlahti|Espoo|R|1984|4463|299000|67|Ankkurinvarsi 7
Latokaski|Espoo|R|1979|2871|178000|62|Kaskenpäänkuja 4
Espoo|Espoo|K|1973|1276|74000|58|Kirstintie 3 C
Niipperi|Espoo|O|2017|3535|449000|127|Kaarlaaksontie 3
Tuomarila|Espoo|R|1978|3111|168000|54|Yläkalliontie 18 C
Kauklahti|Espoo|R|2014|480|44672|93|Fjalarinkuja 1 D 19
Tapiola|Espoo|K|2020|11818|1040000|88|Kirjokansi 3
Vermonniitty|Espoo|K|2018|5559|328000|59|Perilänniitty 5
Pohjois-Tapiola|Espoo|K|2016|6128|239000|39|Tietäjäntie 10
Tuomarila|Espoo|K|2008|3643|235000|64.5|Kulovalkeantie 3 A
Leinelä|Vantaa|K|2016|3558|274000|77|Primavera 3 C
Martinlaakso, Kivimäki|Vantaa|O|2001|3125|639000|204.5|Vihertie 21b
Kaivoksela|Vantaa|K|2018|4491|119000|26.5|Kaivokselantie 5 D
Tikkurila|Vantaa|K|1986|2701|239000|88.5|Lauhatie 6
Rajakylä|Vantaa|R|1994|2995|289000|96.5|Suksikuja 5
Keimolanmäki, Keimola|Vantaa|R|0|4224|340000|80.5|Ajolenkki 14 as
Hiekkaharju|Vantaa|K|2026|4464|249990|56|Tarhurintie 26
Hiekkaharju|Vantaa|K|2026|4861|269800|55.5|Tarhurintie 26
Hiekkaharju|Vantaa|K|2026|4656|339890|73|Tarhurintie 26
Hiekkaharju|Vantaa|K|2026|4834|219944|45.5|Tarhurintie 26
Korso|Vantaa|K|1988|2324|82500|35.5|Maakotkantie 12 A
Hiekkaharju|Vantaa|K|2026|4388|179900|41|Tarhurintie 26
Ylästö|Vantaa|R|2007|3939|325000|82.5|Karviaiskaari 10
Koivuhaka|Vantaa|K|2018|4025|163000|40.5|Peltolantie 30
Tikkurila|Vantaa|K|1975|3535|175000|49.5|Peltolantie 9 D
Hiekkaharju|Vantaa|K|1987|3224|187000|58|Hiekkaharjuntie 26 C
Koivuhaka|Vantaa|O|2010|4181|669000|160|Ruiskukankuja 3
Vapaala|Vantaa|O|1978|2422|448000|185|Höylätie 17b
Kivistö|Vantaa|K|2017|5306|129990|24.5|Jaspiskuja 7b
Kivistö|Vantaa|K|2015|3750|134990|36|Rubiinikehä 33
Keimolanmäki, Keimola|Vantaa|K|2019|3780|155000|41|Keimolankaarre 3 B
Tikkurila|Vantaa|K|2023|5539|354500|64|Esikkotie 3 C 74
Tikkurila|Vantaa|K|2023|5936|379900|64|Esikkotie 3 C 89
Vapaala|Vantaa|R|2020|4128|388000|94|Vapaalantie 24 A 1
Päiväkumpu|Vantaa|R|1974|1939|190000|98|Kyllikintie 26 B
Ruskeasanta|Vantaa|R|1990|3319|317000|95.5|Kuusamatie 22
Hämeenkylä|Vantaa|K|2019|4247|189000|44.5|Ainonkuja 11 F
Jokiniemi|Vantaa|K|2014|4394|279000|63.5|Lauri Korpisen katu 6 F
Kannisto|Vantaa|O|2023|4828|449000|93|Ritarikuja 2
Kartanonkoski|Vantaa|R|2004|4028|435000|108|Aatelitie 5
Kivistö|Vantaa|K|0|4862|299000|61.5|Timanttikiteenkuja 2 A
Kivistö|Vantaa|K|2019|6000|159000|26.5|Spinellikuja 9 A
Vallinoja|Vantaa|R|2007|2737|208000|76|Lehmustontie 61 G
Malminiitty, Simonkylä|Vantaa|K|1988|2091|115000|55|Uusiniityntie 4 A
Viertola|Vantaa|R|1980|3316|320000|96.5|Lummetie 43 B
Askisto|Vantaa|R|2017|4341|395000|91|Timmermalminkuja 8
Vapaala|Vantaa|K|2025|3954|179900|45.5|Piikkirinne 3
Vapaala|Vantaa|K|2025|4850|329800|68|Piikkirinne 3
Jokiniemi|Vantaa|K|2016|4641|297000|64|Tikkurilantie 35
Vapaala|Vantaa|K|2025|4216|134900|32|Piikkirinne 3
Vapaala|Vantaa|K|2025|4114|209800|51|Piikkirinne 3
Vapaala|Vantaa|K|2025|4283|149900|35|Piikkirinne 3
Pakkala|Vantaa|K|2010|595|27959|47|Antaksentie 19
Myyrmäki|Vantaa|K|1973|3357|94000|28|Ojahaantie 13 C
Tammisto|Vantaa|R|2005|4184|295000|70.5|Koetilankatu 4
Pähkinärinne, Hämeenkylä|Vantaa|R|2020|4243|367000|86.5|Kolmikallionrinne 2 D
Rajakylä|Vantaa|R|2017|4304|198000|46|Mailatie 8 B
Leppäkorpi|Vantaa|R|2015|4500|126000|28|Kontiotie 10
Nikinmäki|Vantaa|O|2010|3480|689000|198|Vanha Porvoontie 358 D
Leppäkorpi|Vantaa|R|2000|3361|279000|83|Kärppäpolku 7
Asola|Vantaa|K|2017|3822|258000|67.5|Valtimotie 2e A
Tikkurila|Vantaa|K|1971|3362|158000|47|Kielotie 27 A
Malminiitty|Vantaa|K|2014|4223|168900|40|Koivukyläntie 51 A
Viertola|Vantaa|K|2009|3609|397000|110|Kaislatie 34
Vantaanlaakso, Viherkumpu|Vantaa|O|2005|2561|589000|230|Usvatie 2 B
Vantaanlaakso|Vantaa|R|1979|2743|229000|83.5|Emännänkuja 2 F
Myyrmäki|Vantaa|K|1972|2338|187000|80|Norotie 12 E
Seutula|Vantaa|O|2011|3162|536000|169.5|Rauhamäentie 2
Kivistö|Vantaa|K|2018|4643|129990|28|Timanttikiteenkuja 4
Simonsilta|Vantaa|K|1968|1618|89000|55|Kallioimarteentie 7
Tikkurila|Vantaa|K|2022|4775|308000|64.5|Unikkotie 6
Ruskeasanta|Vantaa|R|1990|1958|329000|168|Kuismatie 116
Pähkinärinne, Hämeenkylä|Vantaa|K|1975|1339|75000|56|Pähkinärinteentie 50 B
Pähkinärinne|Vantaa|K|1994|2276|99000|43.5|Terhokuja 6
Satomäki, Jokiniemi|Vantaa|K|2020|4441|139900|31.5|Jokiniemenkuja 5 A
Havukoski|Vantaa|K|1975|645|49000|76|Lehmihaka 2 C
Martinlaakso|Vantaa|K|2019|6038|160000|26.5|Martinpolku 12 C
Tikkurila|Vantaa|K|2007|4433|215000|48.5|Unikkotie 28
Nikinmäki|Vantaa|O|2008|3218|399000|124|Simpukankuja 19
Ruskeasanta|Vantaa|R|1988|2773|269000|97|Harjurinne 20
Myyrmäki|Vantaa|K|2023|6500|195000|30|Korutie 2 A
Martinlaakso|Vantaa|K|2019|6226|165000|26.5|Martinpolku 12 D
Vantaanlaakso|Vantaa|R|1993|2995|295000|98.5|Vanha Nurmijärventie 32 B
Kivistö|Vantaa|K|2026|5474|265500|48.5|Topaasikuja 10 B 191
Viertola|Vantaa|R|1996|405|43760|108|Osmankäämintie 46
Ilola|Vantaa|R|2018|4259|345000|81|Runotie 6C
Kivistö|Vantaa|K|2026|5107|429000|84|Topaasikuja 10 A 199
Hämeenkylä|Vantaa|K|2016|4456|176000|39.5|Ainontie 10 A
Hämevaara|Vantaa|R|1972|1651|350000|212|Viikatetie 3
Havukoski|Vantaa|K|1977|846|63000|74.5|Karjopolku 14 A
Rajakylä|Vantaa|R|1979|2885|225000|78|Maratontie 25 C
Hiekkaharju|Vantaa|R|2023|3601|305000|84.7|Tähtimöntie 8
Aviapolis|Vantaa|K|2026|4835|149900|31|Pyhtäänkorventie 12a
Aviapolis|Vantaa|K|2026|3833|279800|73|Pyhtäänkorventie 12a
Aviapolis|Vantaa|K|2026|4038|189800|47|Pyhtäänkorventie 12a
Aviapolis|Vantaa|K|2026|4019|194900|48.5|Pyhtäänkorventie 12a
Päiväkumpu|Vantaa|O|2019|4374|395000|90.3|Ritvantie 11
Kivistö|Vantaa|K|2023|713|28170|39.5|Spinellipolku 3
Myyrmäki|Vantaa|K|1994|356|16016|45|Vaahtokuja 1
Kivistö|Vantaa|K|2003|528|29014|55|Savikiventie 3
Kivistö|Vantaa|K|2019|3739|215000|57.5|Keltasafiirinpolku 1 B
Viherkumpu, Vantaanlaakso|Vantaa|R|1985|2738|219000|80|Vanha Nurmijärventie 34 C
Martinlaakso|Vantaa|R|1985|3602|299000|83|Voimalantie 16 B
Mikkola|Vantaa|K|2016|693|35327|51|Kaakkoisväylä 7B
Rekola|Vantaa|K|2014|691|36982|53.5|Ulrikankuja 20
Kaivoksela|Vantaa|K|2019|3184|199000|62.5|Kaivokselantie 5 K
Korso|Vantaa|O|2011|3101|369000|119|Riekkopolku 13
Hakunila|Vantaa|K|2014|3438|110000|32|Satulakuja 2 A
Simonmetsä|Vantaa|K|2004|3351|258000|77|Vanamontie 6
Rajakylä|Vantaa|R|1978|2345|265000|113|Seiväspolku 3
Korso|Vantaa|K|1989|1817|99000|54.5|Merikotkantie 6
Martinlaakso|Vantaa|K|1972|2527|139000|55|Raappavuorenreuna 2 E
Ylästö|Vantaa|R|2023|4560|285000|62.5|Padisentie 20 B
Hakunila|Vantaa|K|1974|1969|64000|32.5|Oritie 2 C
Vantaa|Vantaa|K|2019|4335|349000|80.5|Talvikkitie 7
Simonmetsä, Simonkylä, Hiekkaharju|Vantaa|O|2001|2516|385000|153|Leinikkitie 23 B
Hämevaara|Vantaa|O|0|5571|590000|105.9|Viikatetie 27
Kartanonkoski|Vantaa|R|2002|477|44864|94|Hagelstamintie 11 ja Aatelitie 3
Kaivoksela|Vantaa|R|2008|3198|379000|118.5|Palokuja 1
Simonlaakso, Simonkylä|Vantaa|K|1968|1709|135000|79|Sananjalantie 6 G
Vapaala|Vantaa|O|2025|3971|409000|103|Talttakuja 2b D
Myyrmäki|Vantaa|K|1976|1811|134000|74|Myyrmäentie 4
Jokivarsi|Vantaa|O|1999|3163|389000|123|Ankeriaantie 27
Nissas, Hakunila|Vantaa|K|1992|2125|119000|56|Viikinkitie 2 D
Havukoski|Vantaa|K|1977|979|69000|70.5|Karjopolku 9
Koivuhaka|Vantaa|O|2017|3950|549000|139|Kuriiritie 33a
Keimola|Vantaa|O|2026|4800|408000|85|Ajolenkki 20 C 11
Vantaanlaakso|Vantaa|R|1979|2427|199000|82|Naapurinkuja 3
Myyrmäki|Vantaa|K|1993|233|16741|72|Piikuja 4
Silvola, Kaivoksela|Vantaa|K|1964|2397|139000|58|Kaivosrinteentie 2 J
Äijälä|Jyväskylä|R|2027|3573|435900|122|Rauhaniementie 5 B
Äijälä|Jyväskylä|R|2027|3938|389900|99|Rauhaniementie 5 B
Kuokkalanpelto|Jyväskylä|O|2004|2216|390000|176|Vähäkuja 13
Köhniö|Jyväskylä|R|1966|1979|188000|95|Soidintie 1 B
Taulumäki|Jyväskylä|K|1991|2419|179000|74|Suvantotie 3 B
Äijälä|Jyväskylä|R|2027|4408|365900|83|Rauhaniementie 5 E
Aittorinne|Jyväskylä|R|1972|1555|147700|95|Ala-aitankatu 6
Mäki-Matti|Jyväskylä|K|1950|2242|139000|62|Voionmaankatu 30 A
Äijälä|Jyväskylä|R|2027|4731|335900|71|Rauhaniementie 5 D
Äijälä|Jyväskylä|R|2027|4457|369900|83|Rauhaniementie 5 D
Äijälä|Jyväskylä|R|2027|4155|319900|77|Rauhaniementie 5 A
Äijälä|Jyväskylä|R|2027|3938|389900|99|Rauhaniementie 5 A
Jyväskylä|Jyväskylä|O|0|1185|269000|227|Hietatie 40
Äijälä|Jyväskylä|R|2027|3606|439900|122|Rauhaniementie 5 A
Palokka|Jyväskylä|R|2013|2403|149000|62|Tertunlaakso 1
Jyskä|Jyväskylä|K|1991|1200|69000|57.5|Kirrinkydöntie 8
Nenäinniemi|Jyväskylä|R|2016|3127|319000|102|Eräpälkäneentie 42 C
Tarhamäki|Jyväskylä|R|2012|2781|279500|100.5|Pirttikatu 4 B
Kangas|Jyväskylä|K|2021|3728|274000|73.5|Rusokinkatu 10 A
Keskusta|Jyväskylä|K|2001|2785|149000|53.5|Sammonkatu 6 B
Myllyjärvi|Jyväskylä|K|1978|1184|58000|49|Myllylammentie 2-4 A
Palokka/Heinämäki|Jyväskylä|R|1989|1983|117000|59|Pohjanrinteentie 3 B
Heinälampi|Jyväskylä|R|1980|1613|129000|80|Aapatie 5
Lutakko|Jyväskylä|K|2007|3189|169000|53|Satamakatu 23
Elovainio, Palokka|Jyväskylä|O|2009|2549|339000|133|Viljatie 8
Säynätsalo, Lehtisaari|Jyväskylä|R|1989|1736|125000|72|Latopolku 6-8 B
Heinämäki|Jyväskylä|K|1997|326|25789|79|Näsintie 4 A 06
Pupuhuhta|Jyväskylä|K|1976|625|37500|60|Pupuhuhdantie 10
Kangaslampi|Jyväskylä|K|1976|932|68000|73|Kulottajantie 10 A
Kangas|Jyväskylä|K|2018|4098|250000|61|Paperitehtaankatu 10 A
Viitaniemi|Jyväskylä|K|1962|2000|93000|46.5|Viitaniementie 22
Korpilahti|Jyväskylä|K|1977|367|22000|60|Jussinpolku 6
Lutakko|Jyväskylä|K|2007|3230|239000|74|Satamakatu 23 A
Jyväskylä|Jyväskylä|K|2023|4175|167000|40|Kypärätie 4 A
Halssila|Jyväskylä|R|1979|1232|93000|75.5|Mesikämmen 15 C
Ainolanranta|Jyväskylä|K|2008|2759|229000|83|Tykkikalliontie 4
Mannila|Jyväskylä|O|1997|3047|579000|190|Helylänkuja 12
Keskusta|Jyväskylä|K|1968|3059|208000|68|Gummeruksenkatu 3
Pupuhuhta|Jyväskylä|R|1990|957|89000|93|Pupuhuhdantie 26 C
Keskusta|Jyväskylä|K|1948|2127|167000|78.5|Heikinkatu 4 A
Halssila|Jyväskylä|K|2011|2509|133000|53|Tiirantie 6 B
Mäki-Matti|Jyväskylä|K|1969|2288|119000|52|Nousukatu 8-10 B
Jyväskylä|Jyväskylä|K|2026|4613|369000|80|Taulumäentie 55 B
Heinälampi|Jyväskylä|O|1981|1535|169000|110.1|Aapatie 8
Väinölä|Jyväskylä|K|1997|1345|104900|78|Jokirannantie 3
Vaajakoski|Jyväskylä|K|1954|1069|70000|65.5|Vaajakoskentie 127 A
Äijälänranta|Jyväskylä|K|2015|448|35192|78.5|Ansaritie 3 A 03
Äijälänranta|Jyväskylä|K|2015|457|30157|66|Ansaritie 3 A 01
Äijälänranta|Jyväskylä|K|2021|569|35857|63|Äijälänrannantie 16 As 19
Äijälänranta|Jyväskylä|K|2021|570|27373|48|Äijälänrannantie 16 As 02
Tikkakoski|Jyväskylä|R|1986|1175|94000|80|Lennostontie 4
Mannisenmäki|Jyväskylä|K|2018|3289|199000|60.5|Tiilitehtaantie 48 A
Äijälänranta|Jyväskylä|K|2022|4746|420000|88.5|Äijälänrannantie 30 A
Kirri|Jyväskylä|O|2025|2986|415000|139|Saarijärventie 103
Puistola|Jyväskylä|K|1958|1771|139000|78.5|Puistokatu 25
Ainola|Jyväskylä|K|1994|1828|149000|81.5|Survontie 35 A
Mannisenmäki|Jyväskylä|K|2018|3250|84500|26|Tiilitehtaantie 48
Palokka, Ollila, Heikkilä|Jyväskylä|R|1990|1867|155000|83|Ollintie 6b
Vaajakoski|Jyväskylä|K|1974|753|42900|57|Linnantie 5
Muuratsalo|Jyväskylä|O|1970|1505|155000|103|Alvar Aallon tie 16
Kuohu|Jyväskylä|O|2000|1730|229000|132.4|Kuohunkoskentie 5
Mannisenmäki|Jyväskylä|R|2018|2678|328000|122.5|Sekametsä 25
Kauramäki|Jyväskylä|R|2026|3190|319000|100|Pyrstötiaisentie 6 C ja D
Samulinniemi|Jyväskylä|O|2025|4779|325000|68|Toivonlenkki 2C
Keljo|Jyväskylä|K|2008|402|21113|52.5|Hovilantie 2 A 09
Keljo|Jyväskylä|K|2008|423|21786|51.5|Hovilantie 2 A 08
Kauramäki|Jyväskylä|K|2021|444|18652|42|Appiukontie 5 B 47
Kauramäki|Jyväskylä|K|2021|435|22166|51|Appiukontie 5 A 16
Tourula|Jyväskylä|K|2006|470|21168|45|Tourulantie 10 A 31
Tourula|Jyväskylä|K|2006|403|25777|64|Tourulantie 10 A 29
Kangas|Jyväskylä|K|2020|537|41348|77|Paperitehtaankatu 24 A 24
Kangas|Jyväskylä|K|2020|569|29598|52|Paperitehtaankatu 24 A 27
Mustalampi|Jyväskylä|K|2004|1570|124000|79|Usvattarentie 41
Kortepohja|Jyväskylä|K|1968|922|59000|64|Sananiekantie 6
Kangaslampi|Jyväskylä|K|1976|350|21000|60|Kaakonpyrstö 5
Halssila|Jyväskylä|K|2013|2505|139000|55.5|Tiirantie 16 as
Mattilanpelto|Jyväskylä|K|1957|2025|81000|40|Kiljanderinkatu 3
Kuokkala|Jyväskylä|K|2021|560|36966|66|Pellonreuna 7
Keljo|Jyväskylä|K|2000|329|18935|57.5|Tervalankatu 2
Pappilanvuori|Jyväskylä|K|2022|548|27945|51|Norolanraitti 7
Nenäinniemi|Jyväskylä|R|2004|351|32779|93.5|Huhtalahdentie 4
Keljo|Jyväskylä|K|2022|3409|225000|66|Korkeakoskentie 27 A
Pirttimäki|Jyväskylä|K|2016|2734|175000|64|Arvinkuja 3 A
Mäki-Matti|Jyväskylä|K|2015|2851|193900|68|Palokunnankatu 1 C
Lutakko|Jyväskylä|K|2007|2975|360000|121|Satamakatu 23 A
Kauramäki, Etelä-Keljo|Jyväskylä|O|2022|3908|635000|162.5|Talitiaisentie 12
Taulumäki|Jyväskylä|K|2026|4122|169000|41|Taulumäentie 55 C 15
Taulumäki|Jyväskylä|K|2026|4613|369000|80|Taulumäentie 55 C 2
Levänen|Kuopio|R|1979|1063|85000|80|Leväsentie 28
Hiltulanlahti|Kuopio|O|1990|1924|279000|145|Hirvimäentie 34
Julkula|Kuopio|R|1979|1672|199000|119|Puijonsarventie 29 B
Keskusta|Kuopio|K|1962|2974|348000|117|Haapaniemenkatu 8
Keskusta|Kuopio|K|1955|2288|119000|52|Suokatu 43 B
Keskusta|Kuopio|K|1983|3844|246000|64|Haapaniemenkatu 40
Vanhakeyritty|Kuopio|O|1982|540|68000|126|Huutoniemi 40
Keskusta|Kuopio|K|1963|3028|109000|36|Ajurinkatu 20
Saaristokaupunki|Kuopio|R|2026|3043|286000|94|Lehtoniementie 154 B 2
Savilahti|Kuopio|K|2024|495|34410|69.5|Sarastuskaari 14
Savilahti|Kuopio|K|2024|512|37874|74|Sarastuskaari 14
Neulamäki|Kuopio|K|1982|1534|89000|58|Neulamäentie 18 D
Hiltulanlahti|Kuopio|R|2021|3267|147000|45|Leinikinkatu 1 c 6
Litmanen|Kuopio|O|1991|1299|189000|145.5|Nuottakaari 1
Lehtoniemi|Kuopio|R|2022|3351|315000|94|Kanavanranta 21 A
Jynkkä|Kuopio|O|1980|1410|172000|122|Katvekuja 3
Keskusta|Kuopio|K|1983|3062|99500|32.5|Myhkyrinkatu 16
Saarijärvi A|Kuopio|K|1971|2179|85000|39|Annikintie 2 A
Haapaniemi|Kuopio|K|2027|4971|449900|90.5|Haapaniementie 16 A 24
Haapaniemi|Kuopio|K|2027|4461|124900|28|Haapaniementie 16 A 5
Saaristokaupunki|Kuopio|K|2013|460|34482|75|Helmiäiskatu 2
Niirala|Kuopio|K|2007|3319|239000|72|Niiralankatu 17 A
Haapaniemi|Kuopio|K|2027|4512|148900|33|Haapaniementie 16 A 4
Haapaniemi|Kuopio|K|2027|4999|419900|84|Haapaniementie 16 A 25
Haapaniemi|Kuopio|K|2027|4350|234900|54|Haapaniementie 16 A 23
Haapaniemi|Kuopio|K|2027|4341|214900|49.5|Haapaniementie 16 A 9
Haapaniemi|Kuopio|K|2027|4099|284900|69.5|Haapaniementie 16 A 22
Puijonlaakso|Kuopio|K|1970|1956|178000|91|Sompatie 3 A
Haapaniemi|Kuopio|K|2027|5474|125900|23|Haapaniementie 16 A 13
Haapaniemi|Kuopio|K|2027|4248|254900|60|Haapaniementie 16 A 8
Saaristokaupunki|Kuopio|K|2018|467|21016|45|Kaivannonlahdenkatu 15
Jynkänvuori|Kuopio|K|2020|2868|185000|64.5|Vanhankallionkatu 8 A
Särkilahti|Kuopio|R|1969|1282|109000|85|Sammalniementie 1 E
Keskusta|Kuopio|K|2020|4270|269000|63|Tulliportinkatu 52 A
Saarijärvi A|Kuopio|K|1971|950|57000|60|Ilmarisentie 16 B
Keskusta|Kuopio|K|1994|2766|177000|64|Satamakatu 8 B
Puijonlaakso|Kuopio|R|1976|1285|158000|123|Samoilijantie 9
Keskusta|Kuopio|K|2025|4962|339900|68.5|Maaherrankatu 25 C 23
Keskusta|Kuopio|K|2019|3587|269000|75|Puijonkatu 29 A
Jynkkä|Kuopio|R|1981|1520|134500|88.5|Kirnukuja 6
Vehmersalmi|Kuopio|O|2011|2343|369000|157.5|Välketie 11
Keskusta|Kuopio|K|1963|2013|159000|79|Kuninkaankatu 18
Hatsala|Kuopio|K|2023|4682|398000|85|Hannes Kolehmaisen katu 9
Saaristokaupunki|Kuopio|R|2020|3052|325000|106.5|Kivirinne 5
Hatsala|Kuopio|K|2023|4630|125000|27|Hannes Kolehmaisen katu 9 A
Männistö|Kuopio|K|1983|2029|138000|68|Lönnrotinkatu 13
Linnanpelto|Kuopio|R|1923|1400|105000|75|Linnanpellonkatu 42 B
Neulamäki|Kuopio|K|1982|1075|79000|73.5|Metsurintie 8 E
Keskusta|Kuopio|K|2001|2864|169000|59|Myhkyrinkatu 18
Tiihotar|Kuopio|K|1974|988|79000|80|Ilmarisentie 20
Päiväranta|Kuopio|K|2018|430|36374|84.5|Keski-Kaari 33
Petonen|Kuopio|K|2021|426|21939|51.5|Nauriskatu 2
Männistö|Kuopio|K|1971|1865|89500|48|Männistönkatu 20
Rahusenkangas|Kuopio|O|1957|1965|169000|86|Katajatie 2
Keskusta|Kuopio|K|1999|2895|165000|57|Tulliportinkatu 21
Haapaniemi|Kuopio|K|2013|3780|189000|50|Haapaniementie 4 A
Rönö / Keskusta|Kuopio|R|1994|5907|889000|150.5|Rönöntie 13
Keskusta|Kuopio|K|1986|2500|95000|38|Tulliportinkatu 26
Keskusta|Kuopio|K|1963|2397|169000|70.5|Savonkatu 10 B
Kettulanlahti|Kuopio|O|1964|801|139000|173.5|Hirventie 13
Kelloniemi|Kuopio|R|1979|1230|99000|80.5|Touvitie 18 G
Keskusta|Kuopio|K|1982|2000|138000|69|Tulliportinkatu 25 B
Niirala|Kuopio|K|2019|4505|205000|45.5|Sairaalakatu 8 A
Keskusta|Kuopio|K|1977|2130|229000|107.5|Myhkyrinkatu 5 A
Niirala|Kuopio|K|1969|1047|89000|85|Valkeisenkatu 6
Keskusta / Satama|Kuopio|K|1995|3967|359000|90.5|Kauppakatu 5
Neulamäki|Kuopio|K|1986|1339|73000|54.5|Kantotie 3
Männistö|Kuopio|K|1968|1845|95000|51.5|Kalevalankatu 9
Lippumäki / Litmanen|Kuopio|O|0|1495|320000|214|Mäkipirtinkatu 19
Vehmersalmi|Kuopio|R|1968|685|49000|71.5|Vehmersalmenkatu 29
Männistö|Kuopio|K|1971|1984|121000|61|Männistönkatu 16
Keskusta|Kuopio|K|1960|2495|136000|54.5|Raviradantie 1
Haapaniemi|Kuopio|K|2027|4240|209900|49.5|Haapaniementie 16 A3
Haapaniemi|Kuopio|K|2027|3955|274900|69.5|Haapaniementie 16 A17
Haapaniemi|Kuopio|K|2027|4332|259900|60|Haapaniementie 16 A14
Litmanen|Kuopio|K|1992|194|8750|45|Tikaskatu 1
Julkula|Kuopio|K|1993|258|21963|85|Puijonsarventie 65
Kurkimäki|Kuopio|O|1999|1664|228000|137|Tiiholantie 1
Juankoski|Kuopio|O|1972|568|79000|139|Puutarhatie 14
Saarijärvi|Kuopio|K|1973|786|68000|86.5|Saarijärventie 17 B
Pihlajalaakso|Kuopio|R|2015|2681|189000|70.5|Poukamankatu 2 A
Pihlajalaakso|Kuopio|R|2015|2681|189000|70.5|Poukamankatu 2 A
Keskusta|Kuopio|K|1970|1323|153500|116|Kirkkokatu 57
Keskusta|Kuopio|K|1998|4113|329000|80|Sepänkatu 11
Haapaniemi|Kuopio|K|1987|3091|102000|33|Haapaniementie 14 E
Lehtoniemi|Kuopio|R|2023|448|38340|85.5|Kuikkakuja 3 B 06
Päiväranta|Kuopio|R|1980|1895|198000|104.5|Visakuja 5
Linnanpelto|Kuopio|K|1960|2282|89000|39|Pohjolankatu 30 A
Jynkkä|Kuopio|O|1956|1316|125000|95|Yötarhantie 7
Vartiala|Kuopio|O|2000|1493|224000|150|Leppäniementie 16
Mukkula|Lahti|K|2012|449|16629|37|Huvikatu 10
Uusikylä|Lahti|K|1970|179|5000|28|Puutarhatie 20 A
Laune|Lahti|K|2013|2347|115000|49|Launeenkatu 76
Asemantausta|Lahti|K|0|3675|215000|58.5|Vahva-Jussin lenkki 21 A
Kartano|Lahti|K|1999|340|25478|75|Vesijärvenkatu 55
Hennala|Lahti|K|2008|2704|169000|62.5|Rykmentinkatu 4
Asemantausta|Lahti|K|2024|615|34108|55.5|Vahva-Jussin lenkki 11
Kytölä|Lahti|O|0|3597|259000|72|Sorsastenkatu 1
Asemantausta|Lahti|K|2018|504|26726|53|Uudenpellonkatu 10
Asemantausta|Lahti|K|2018|501|26296|52.5|Uudenpellonkatu 10
Asemantausta|Lahti|K|2018|528|21395|40.5|Uudenpellonkatu 8
Asemantausta|Lahti|K|2017|488|25848|53|Uudenpellonkatu 2
Asemantausta|Lahti|K|2017|468|35106|75|Uudenpellonkatu 2
Asemantausta|Lahti|K|2017|522|20860|40|Uudenpellonkatu 2
Asemantausta|Lahti|K|2017|472|31142|66|Uudenpellonkatu 2
Keski-Lahti|Lahti|K|2018|4200|126000|30|Hämeenkatu 12 E
Asemantausta|Lahti|K|2017|518|27469|53|Kaarikatu 31
Keski-Lahti|Lahti|K|2018|3674|169000|46|Hämeenkatu 12 E
Keijupuisto|Lahti|K|2007|2566|195000|76|Keijutie 11 A
Keskusta|Lahti|K|1948|1987|149000|75|Saimaankatu 7
Karisto|Lahti|R|2012|420|31514|75|Ylähanganpolku 1
Ankkuri|Lahti|K|1998|350|20302|58|Taapelikatu 6
Keijupuisto|Lahti|K|2012|2626|130000|49.5|Keijutie 15
Liipola|Lahti|K|1975|678|39000|57.5|Itäkatu 2 B
Okeroinen|Lahti|O|0|752|85000|113|Leevinkatu 12
Pyhätön|Lahti|K|1962|1587|119000|75|Vesitorninkatu 20 A
Möysä|Lahti|K|2020|4667|399000|85.5|Sammuttajankatu 5
Keskusta|Lahti|K|1946|1654|129000|78|Rautatienkatu 6 A
Sipura|Lahti|K|1992|977|42000|43|Sipurantie 6 E
Kivimaa|Lahti|K|2016|2437|145000|59.5|Vuoripojankatu 13
Nastola|Lahti|R|2016|2398|229000|95.5|Sukeltajantie 8 as
Kärpänen|Lahti|K|1978|1157|59000|51|Satulakatu 6
Metsämaa, Kytölä|Lahti|O|1965|905|95000|105|Makarantie 14
Metsäkangas|Lahti|K|1980|701|54000|77|Suitsikatu 4 E
Kivistönmäki|Lahti|K|1982|2582|275000|106.5|Kivakatu 4 A
Kiveriö|Lahti|K|1962|1208|58000|48|Hirsimetsäntie 65 B
Keskusta|Lahti|K|1997|2453|195000|79.5|Kulmakatu 12 A
Jalkaranta|Lahti|R|1983|2542|305000|120|Pallaskatu 1 A
Kartano|Lahti|K|1941|1375|102000|74.2|Kariniemenkatu 24 B
Kivimaa|Lahti|K|2019|3418|135000|39.5|Vuoripojankatu 17
Möysän kaupunginosa|Lahti|K|1922|3824|195000|51|Sammuttajankatu 7
Möysä|Lahti|K|1922|3893|109000|28|Sammuttajankatu 7
Kivimaa|Lahti|K|2019|3310|96000|29|Vuoripojankatu 17
Lahti|Lahti|R|1988|1415|92000|65|Hollolantie 4 as
Metsäkangas|Lahti|O|1978|1400|189000|135|Mailakatu 3
Kärpänen|Lahti|O|1951|2275|248000|109|Palokunnantie 29
Möysä|Lahti|O|1964|2345|265000|113|Tenavankatu 25
Keski-Lahti|Lahti|K|1963|2350|126900|54|Yrjönkatu 9 B
Herrasmanni|Lahti|R|2008|2223|209000|94|Ryylintie 2 as
Malski|Lahti|K|2011|3258|145000|44.5|Mallaskatu 4 A
Kerinkallio|Lahti|K|2016|469|29761|63.5|Lehtokatu 1
Kärpänen|Lahti|K|2018|452|27807|61.5|Lepinkäisenkatu 6
Paavola|Lahti|K|1960|1638|95000|58|Mustankalliontie 27
Asemantausta|Lahti|K|1988|1466|85000|58|Lautamiehenkatu 8
Möysä|Lahti|K|1963|1254|79000|63|Karjalankatu 29 A
Asemantausta|Lahti|K|2017|494|23194|47|Uudenpellonkatu 2
Kyrölä|Lahti|K|1968|660|35000|53|Kyrölänkatu 10 A
Paavola|Lahti|R|2005|3343|468000|140|Rautellinkatu 32
Hiekkanummi / Ahtiala|Lahti|O|1984|1715|259000|151|Laaninkatu 4
Liipola|Lahti|K|0|1157|59000|51|Eteläinen Liipolankatu 12 B
Metsäkangas|Lahti|K|1979|1072|59500|55.5|Hakkapeliitankatu 16
Paavola|Lahti|O|1993|2846|185000|65|Kymintie 36
Saksala|Lahti|K|1974|1373|81000|59|Vaahterakatu 1-3
Jalkaranta|Lahti|K|2008|449|18426|41|Tarjantie 73
Hennala|Lahti|K|1959|1259|85000|67.5|Sorvarinkatu 2
Nastola|Lahti|O|1954|1000|119000|119|Petäjätie 4
Ahtiala|Lahti|O|1991|1737|238000|137|Kalskekatu 4
Paavola|Lahti|K|1993|222|17725|80|Metsolankatu 1 A 08
Anttilanmäki|Lahti|O|2014|2805|620000|221|Pyöräkatu 4
Hiekkanummi|Lahti|O|1960|1023|95000|92.9|Riihikalliontie 20
Keskusta|Lahti|K|1956|2258|109500|48.5|Kolkankatu 24
Patomäki|Lahti|O|1968|1171|199000|170|Talvikintie 15
Metsäpelto|Lahti|K|1963|907|34000|37.5|Annikintie 2
Keski-Lahti|Lahti|K|1911|2674|115000|43|Rautatienkatu 3 B
Ruoriniemi|Lahti|R|2005|4415|415000|94|Kapteeninkatu 2
Kiveriö|Lahti|O|1963|1024|85000|83|Kyllikintie 16
Okeroinen|Lahti|O|1995|2037|275000|135|Ketokatu 9
Kunnas|Lahti|O|0|1228|269000|219|Kajokatu 3
Hennala|Lahti|K|2010|435|33033|76|Sorvarinkatu 20
Kiikkula, Jalkaranta|Lahti|O|1974|842|149500|177.5|Naavakatu 18
Renkomäki|Lahti|O|2011|2260|339000|150|Tapsikatu 2
Möysä|Lahti|K|1960|1929|108000|56|Ahtialantie 5
Ankkuri|Lahti|K|1997|333|24625|74|Taapelikatu 7 A 03
Keskusta|Lahti|K|1961|1925|179000|93|Aleksanterinkatu 1 B
Villähde|Lahti|O|2007|2106|259000|123|Tuomipihlajantie 5
Keijupuisto|Lahti|K|2006|2443|182000|74.5|Keijutie 9
