Kaukkari|Lahti|O|1956|726|85000|117|Kaukkarintie 15
Mukkula|Lahti|K|2011|1859|119000|64|Huvikatu 12
keskusta|Lahti|K|2014|4429|620000|140|Kirkkokatu 19
Keskusta|Lahti|K|2014|4947|188000|38|Kirkkokatu 19
Renkomäki|Lahti|O|1962|1711|154000|90|Sihvosenkatu 2
Hennala|Lahti|K|2016|520|23132|44.5|Wolter Ramsayn katu 4
Keskusta|Lahti|K|1958|2100|84000|40|Lahdenkatu 18
Villähde|Lahti|O|1969|1330|149000|112|Tuomarintie 3
Hennala|Lahti|K|1967|750|27000|36|Rykmentinkatu 1 B
Kivimaa|Lahti|O|1942|1507|113000|75|Suomenkatu 13
Keskusta|Lahti|O|1930|1893|515000|272|Onnelantie 13
Kunnas|Lahti|O|2007|1818|289000|159|Sarastekatu 1
Kartano|Lahti|K|2020|4385|239000|54.5|Kyösti Kallion katu 5 A
Karisto|Lahti|O|2011|2310|425000|184|Seitsenlähteenkatu 1
Keskusta|Lahti|K|1938|1230|369000|300|Harjukatu 13
Riihelä|Lahti|K|1978|1004|99500|99.1|Uotilankatu 24 as
Myllypohja|Lahti|O|2026|3237|359000|110.9|Koivutarhankuja 3 A
Myllypohja|Lahti|O|2026|3237|359000|110.9|Koivutarhankuja 3 B
Kiveriö|Lahti|K|1961|1561|135000|86.5|Kiveriönkatu 12 B
Korpikankare|Lahti|R|1985|1774|149000|84|Rimpikatu 5 B
Asemantausta|Lahti|K|1988|1674|149000|89|Huovilankatu 2B 15
Möysä|Lahti|O|1976|1496|199000|133|Polvikatu 8
Villähde|Lahti|O|1976|1030|139000|135|Koiskalantie 660
Keskusta|Lahti|K|2023|4859|379000|78|Onnelantie 2 as 17
Keskusta|Lahti|K|2023|5365|338000|63|Onnelantie 2 as 18
Keskusta|Lahti|K|2023|4873|307000|63|Onnelantie 2 as 8
Keskusta|Lahti|K|2023|4746|299000|63|Onnelantie 2 as 3
Keskusta|Lahti|K|2023|4613|286000|62|Onnelantie 2 as 2
Keskusta|Lahti|K|2023|4720|354000|75|Onnelantie 2 as 6
Keskusta|Lahti|K|2023|4750|304000|64|Onnelantie 2 as 4
Jalkaranta|Lahti|O|1977|2227|265000|119|Naavakatu 21
Karisto|Lahti|R|2017|3165|269000|85|Ropekuja 2 As
Pirttiharju|Lahti|R|1990|1474|168000|114|Sorakatu 2
Hennala|Lahti|K|1913|1629|189000|116|Upseerikerhonkatu 2 as
Keskusta|Lahti|K|1961|3098|79000|25.5|Rautatienkatu 8 B
Keskusta|Lahti|K|1956|2444|99000|40.5|Oikokatu 11 A
Möysä|Lahti|K|2020|4667|399000|85.5|Sammuttajankatu 5
Keskusta|Lahti|K|1998|2357|198000|84|Vesijärvenkatu 23 B
Metsäpelto|Lahti|K|1963|966|57000|59|Pohjanakanpolku 4 B
Ruoriniemi|Lahti|K|2000|2707|157000|58|Ruoriniemenkatu 2 A
Metsäkangas|Lahti|K|1980|636|49000|77|Suitsikatu 4 E
Hörölä|Lahti|K|1968|1208|64000|53|Kyrölänkatu 10
Asemantausta|Lahti|K|2018|507|20553|40.5|Uudenpellonkatu 10
Paavola|Lahti|K|2026|543|44295|81.5|Seponkatu 5
Villähde|Lahti|R|1988|1350|139000|103|Makasiinitie 10
Likolampi|Lahti|R|2005|2537|189000|74.5|Keskussairaalankatu 17 As
Metsäpelto|/ Kiveriö Lahti|K|1964|1195|52000|43.5|Pohjanakanpolku 4 A 2
Jalkaranta|Lahti|R|1975|1500|159000|106|Pahkakatu 2 as
Keskusta|Lahti|K|1961|1884|179000|95|Aleksanterinkatu 1 A
Villähde|Lahti|O|1964|1550|155000|100|Heinämaantie 1183
Pyhättömänmäki|Lahti|R|1981|2000|220000|110|Vihtorinkatu 13A
Keski-Lahti|Lahti|K|1961|2500|75000|30|Aleksanterinkatu 27 B
Villähde|Lahti|O|2010|1774|298000|168|Korvenojantie 169
Rakokivi|Lahti|O|1966|737|56000|76|Koulutie 8
Sopenkorpi|Lahti|K|1961|2000|46000|23|Hämeenlinnantie 22 A
Riihelä|Lahti|R|1981|1021|120000|117.5|Erviänkatu 52 A
Jalkaranta|Lahti|O|1974|2092|249000|119|Naavakatu 28
Karisto|Lahti|O|2008|2199|475000|216|Posteljooninkatu 44
Möysä|Lahti|R|1983|2263|189000|83.5|Huhmarannankatu 6
Möysä|Lahti|K|1962|1519|79000|52|Sammuttajankatu 6
Karisto|Lahti|R|2008|2675|210000|78.5|Kariston Rantatie 38 B
Keski-Lahti|Lahti|K|1939|1732|238000|137.4|Rauhankatu 18 B
Jalkaranta|Lahti|K|2003|4515|465000|103|Jalkarannantie 39
Hiekkanummi|Lahti|O|2007|1468|320000|218|Helokatu 4
Ruola|Lahti|K|1963|1767|129000|73|Ruolankatu 18 A
Asemantausta|Lahti|R|1949|1203|95000|79|Kerintie 7
Keskusta|Lahti|K|1960|2204|110000|49.9|Vuorikatu 14 as
Sipura|Lahti|O|1984|1728|165000|95.5|Rantakivenkatu 12
Mariankatu 4 A|Lahti|K|1961|2863|199000|69.5|Mariankatu 4 A
Karisto|Lahti|R|2022|2741|185000|67.5|Räätälinkatu 5 A
Pirttiharju|Lahti|R|1987|2773|122000|44|Ratsumiehenkatu 2
Nastola|Lahti|O|2009|2321|304000|131|Sateenkaarentie 1
Niemi|Lahti|K|1965|945|69000|73|Tietotie 4 B
Villähde|Lahti|O|1986|1791|265000|148|Peltolantie 11
Karisto|Lahti|R|2017|3140|157000|50|Välskärinkatu 2
Paavola|Lahti|R|2006|3299|485000|147|Rautellinkatu 36 as
Kivimaa|Lahti|K|1968|878|65000|74|Katajakatu 7 A
Paavola|Lahti|K|2005|2621|158600|60.5|Sammonkatu 5 D
Asemantausta|Lahti|K|1989|1867|112000|60|Vaaksakatu 5 D
Pyhätön|Lahti|R|1981|2255|248000|110|Vihtorinkatu 13
Niemi|Lahti|K|1960|787|35000|44.5|Mukkulankatu 7 A
Kiveriö|Lahti|K|1987|1122|55000|49|Tarmokatu 1 B
Saksala|Lahti|K|1989|1339|79000|59|Pajukatu 10 B
Metsäkangas|Lahti|R|1985|1298|109000|84|Kannuskatu 1 B
Karjusaari|Lahti|O|2003|2159|380000|176|Viitakatu 5
Keskusta|Lahti|K|1947|2315|210000|90.7|Lahdenkatu 14
Kiveriö|Lahti|K|1962|1184|58000|49|Kiveriönkatu 35 A
Hörölä|Lahti|K|1966|837|56500|67.5|Kyrölänkatu 8
Holma|Lahti|O|1966|1942|299000|154|Kaivolankatu 9
Riihelä|Lahti|O|1978|2376|234000|98.5|Vainiokatu 7
Keski-Lahti|Lahti|K|2012|4503|439000|97.5|Panimokatu 12 AS
Laune|Lahti|R|2009|1992|259000|130|Mäntsäläntie 32
Patomäki|Lahti|O|1971|1792|190000|106|Palokärjenkatu 13
Keskusta|Lahti|K|1939|2500|80000|32|Kirkkokatu 11 A 2
Jalkaranta|Lahti|O|1969|954|398000|417|Vasaroisenkatu 10
Hennala|Lahti|K|1973|645|49000|76|Kasarmikatu 1 D
Jalkaranta|Lahti|O|2000|2280|789000|346|Laidunpolku 2
Riihelä|Lahti|K|2016|546|20762|38|Törmäkatu 2 b A 06
Kivimaa|Lahti|K|1974|1881|79000|42|Kivakatu 1 A
Jalkaranta|Lahti|R|1980|1640|164000|100|Otsokatu 6
Pappilanpelto|Lahti|R|1977|773|58000|75|Vehnätie 1 A
Tonttila|Lahti|K|1973|954|115000|120.5|Kokkokallionkatu 11
Möysä|Lahti|R|1990|2010|197000|98|Huhmarannankatu 4 A
Metsäkangas|Lahti|K|1963|536|15000|28|Kasakkamäentie 22 A
Karisto|Lahti|R|2022|2640|235000|89|Räätälinkatu 5 A
Kasakkamäki|Lahti|R|1982|1402|129000|92|Kampikatu 9 B
Metsäpelto|Lahti|K|1967|656|43000|65.5|Annikintie 3 D
Riihelä|Lahti|K|2016|541|24638|45.5|Törmäkatu 2 b A 26
Kivimaa|Lahti|K|2016|534|25920|48.5|Kyrölänkatu 1b A 40
Uusikylä|Lahti|K|1962|920|23000|25|Uudenkyläntie 37
Jalkaranta|Lahti|K|1980|3747|459000|122.5|Jalkarannantie 37
Ruoriniemi|Lahti|K|2000|2225|158000|71|Ruoriniemenkatu 2
Kerinkallio|Lahti|K|1970|1452|45000|31|Luhtikatu 4 E
Möysä|Lahti|K|2024|3690|214000|58|Sammuttajankatu 9 A 20
Möysä|Lahti|O|1949|1174|135000|115|Heinolan Vanhatie 47
Männistönrinne|Lahti|R|1991|2238|179000|80|Törmäpääskynkuja 18A
Hennala|Lahti|K|2019|3273|162000|49.5|Wolter Ramsayn katu 3
Kilpiäinen|Lahti|R|2004|1990|199000|100|Kortepohjankatu 2
Kivimaa|Lahti|K|0|848|49000|57.8|Rinkelikatu 12 A
Renkomäki|Lahti|O|1992|1856|219000|118|Saturnuskatu 12
Kartano|Lahti|K|1946|1894|89000|47|Kolkankatu 3 B
Möysä|Lahti|K|1981|1333|92000|69|Harjulankatu 4
Ahtiala|Lahti|O|1988|1774|259000|146|Topinkuja 1b
Keskusta|/ Malski Lahti|K|2019|4100|287000|70|Mallaskatu 3
Karisto|Lahti|O|2006|2371|339000|143|Graniittikatu 6
Keskusta|Lahti|K|1962|2442|105000|43|Kirkkokatu 13
Rautakankare|Lahti|R|1980|1390|199000|143.2|Mesikämmenkatu 1 A
Karisto|Lahti|R|2016|2715|205000|75.5|Posteljooninkatu 2 C
Sopenkorpi|Lahti|K|1967|1219|89000|73|Kirveskatu 8
Liipola|Lahti|K|1970|1131|99000|87.5|Luhtikatu 3
Ahtiala|Lahti|R|2006|2343|164000|70|Harjuniemenkatu 1-3 B
Kilpiäinen|Lahti|K|1968|909|45000|49.5|Kevätkatu 9 E
Kiveriö|Lahti|K|1964|1185|64000|54|Juustilankatu 11 A
Jalkaranta|Lahti|R|1990|2419|225000|93|Kiikunkärjenkatu 2
Liipola|Lahti|K|1973|1184|90000|76|Huippukatu 3 B
Keskusta|Lahti|K|1962|1863|149000|80|Aleksanterinkatu 25 A
Möysä|Lahti|K|1971|1208|64000|53|Viipurintie 11 B
Keski-Lahti|Lahti|K|2018|3750|120000|32|Hämeenkatu 12 E
Asemantausta|Lahti|K|2018|2975|119000|40|Tapparakatu 13 b A
Saksala|Lahti|K|1975|1587|119000|75|Pyökkipolku 8
Patomäki|Lahti|O|1979|1092|119000|109|Lokinkatu 21
Rakokivi|Lahti|R|1982|1063|85000|80|Hollolantie 1 as.
Kytölä|Lahti|O|2013|2578|299000|116|Vyyhtikuja 2
Metsämaa|Lahti|O|1956|1675|129000|77|Teerentie 2
Jalkaranta|Lahti|K|1974|1643|115000|70|Honkapirtinkatu 7
Asemantausta|Lahti|K|2024|560|47311|84.5|Vahva-Jussin lenkki 9
Pirttiharju|Lahti|O|1954|1473|165000|112|Likolammenkatu 20
Keski-Lahti|Lahti|K|2007|2929|249000|85|Seponkatu 1 B
Asemantausta|Lahti|K|2017|506|33119|65.5|Kaarikatu 31
Anttilanmäki|Lahti|R|1976|2140|184000|86|Nikkarinkatu 12A
Kartano|Lahti|K|1958|1657|89000|53.7|Lahdenkatu 18 G
Laune|Lahti|O|1954|1408|138000|98|Etelätie 39
Ahtiala|Lahti|O|1993|1702|286000|168|Sumukatu 10
Oikokatu 4 E|Lahti|K|1947|2522|169000|67|Oikokatu 4 E
Karisto|Lahti|R|2025|2907|298000|102.5|Toukohäränkatu 12 as. 1
Hiekkanummi|Lahti|O|1980|765|189000|247|Ahtialantie 284
Pirttiharju|Lahti|O|1966|1180|197000|167|Päätöskatu 13
Kunnas|Lahti|O|1945|1097|79000|72|Pysäkkikatu 15
Hennala|Lahti|K|2020|3431|175000|51|Kasarmikatu 9 A
Keski-Lahti|Lahti|K|1934|2490|249000|100|Aleksanterinkatu 2 B
Tonttila|Lahti|K|1970|724|67000|92.5|Ala-Tonttilankatu 6
Metsäkangas|Lahti|K|1974|828|48000|58|Riimukatu 2 C
Kärpänen|Lahti|K|1948|1553|59000|38|Päivärinteenkatu 19 A
Keskusta|Lahti|K|2017|3830|114900|30|Panimokatu 6 A
Kankola|Lahti|R|1983|2176|185000|85|Honkapirtinkatu 3
Renkomäki|Lahti|O|2010|2272|359000|158|Vintilänkatu 2
Mukkula|Lahti|R|1967|1542|229000|148.5|Vanhatie 28 A
Ruoriniemi|Lahti|K|2023|3859|382000|99|Ruoriniemenkatu 1
Laune|Lahti|K|2013|2347|115000|49|Launeenkatu 76
Asemantausta|Lahti|K|0|3675|215000|58.5|Vahva-Jussin lenkki 21 A
Hennala|Lahti|K|2008|2704|169000|62.5|Rykmentinkatu 4
Kytölä|Lahti|O|0|3597|259000|72|Sorsastenkatu 1
Asemantausta|Lahti|K|2018|504|26726|53|Uudenpellonkatu 10
Asemantausta|Lahti|K|2018|501|26296|52.5|Uudenpellonkatu 10
Asemantausta|Lahti|K|2017|522|20860|40|Uudenpellonkatu 2
Asemantausta|Lahti|K|2017|518|27469|53|Kaarikatu 31
Keijupuisto|Lahti|K|2007|2566|195000|76|Keijutie 11 A
Keskusta|Lahti|K|1948|1987|149000|75|Saimaankatu 7
Keijupuisto|Lahti|K|2012|2626|130000|49.5|Keijutie 15
Okeroinen|Lahti|O|0|752|85000|113|Leevinkatu 12
Pyhätön|Lahti|K|1962|1587|119000|75|Vesitorninkatu 20 A
Keskusta|Lahti|K|1946|1654|129000|78|Rautatienkatu 6 A
Sipura|Lahti|K|1992|977|42000|43|Sipurantie 6 E
Kivimaa|Lahti|K|2016|2437|145000|59.5|Vuoripojankatu 13
Liipola|Lahti|K|1972|831|49000|59|Pihtikatu 16 B
Asemantausta|Lahti|R|1976|2174|187000|86|Nikkarinkatu 12
Metsämaa|Lahti|K|1967|1190|69000|58|Riekontie 3 A
Metsäkangas|Lahti|K|1978|1082|66000|61|Satulakatu 4
Hennala|Lahti|K|1973|629|39000|62|Kasarmikatu 1 D
Myllypohja|Lahti|K|1979|869|63000|72.5|Mustikkapolku 1 D
Ahtiala|Lahti|O|2001|1800|225000|125|Pihkakatu 11
Jalkaranta|Lahti|R|1983|2383|199000|83.5|Pallaskatu 1 C
Pirttiharju|Lahti|O|1990|1817|239000|131.5|Jokiäyräänkatu 12
Kiveriö|Lahti|K|1964|980|49000|50|Metsäpellontie 49 A
Kiveriö|Lahti|K|1963|1307|49000|37.5|Hirsimetsäntie 64 As
Asemantausta|Lahti|K|1975|1956|134000|68.5|Kullankukkulankatu 1 A
Metsäkangas|Lahti|K|1975|958|57000|59.5|Riimukatu 1 B
Metsäkangas|Lahti|K|1963|510|25000|49|Kasakkamäentie 22 A
Kärpänen|Lahti|K|1988|1717|79000|46|Katsastajankatu 11
Rakokivi|Lahti|O|1994|1744|157000|90|Roopentie 2
Keski-Lahti|Lahti|K|2015|3241|132900|41|Päijänteenkatu 7 A
Laune|Lahti|O|1948|1666|189900|114|Rahkakatu 40
Keski-Lahti|Lahti|K|1961|2338|90000|38.5|Päijänteenkatu 13
Kärpänen|Lahti|K|1978|1157|59000|51|Satulakatu 6
Metsäkangas|Lahti|K|1980|701|54000|77|Suitsikatu 4 E
Kivistönmäki|Lahti|K|1982|2582|275000|106.5|Kivakatu 4 A
Kiveriö|Lahti|K|1962|1208|58000|48|Hirsimetsäntie 65 B
Keskusta|Lahti|K|1997|2453|195000|79.5|Kulmakatu 12 A
Jalkaranta|Lahti|R|1983|2542|305000|120|Pallaskatu 1 A
Kartano|Lahti|K|1941|1375|102000|74.2|Kariniemenkatu 24 B
Kivimaa|Lahti|K|2019|3418|135000|39.5|Vuoripojankatu 17
Möysän|kaupunginosa Lahti|K|1922|3824|195000|51|Sammuttajankatu 7
Möysä|Lahti|K|1922|3893|109000|28|Sammuttajankatu 7
Kivimaa|Lahti|K|2019|3310|96000|29|Vuoripojankatu 17
Hollolantie 4 as|Lahti|R|1988|1415|92000|65|Hollolantie 4 as
Kärpänen|Lahti|O|1951|2275|248000|109|Palokunnantie 29
Möysä|Lahti|O|1964|2257|255000|113|Tenavankatu 25
Keski-Lahti|Lahti|K|1963|2350|126900|54|Yrjönkatu 9 B
Herrasmanni|Lahti|R|2008|2223|209000|94|Ryylintie 2 as
Asemantausta|Lahti|K|1988|1466|85000|58|Lautamiehenkatu 8
Möysä|Lahti|K|1963|1254|79000|63|Karjalankatu 29 A
Kyrölä|Lahti|K|1968|660|35000|53|Kyrölänkatu 10 A
Keski-Lahti|Lahti|K|1964|2248|245000|109|Vesijärvenkatu 2
Möysä|Lahti|K|1956|1604|89000|55.5|Karjalankatu 35 A
Saksala|Lahti|K|1976|1092|65000|59.5|Saarnikatu 5
Nastola|Lahti|K|1973|833|45000|54|Niinitie 62 As
Kasakkamäki|Lahti|R|1984|1560|149000|95.5|Kampikatu 4 C
Keskusta|Lahti|K|1968|1978|89000|45|Rautatienkatu 19-21
Paavola|Lahti|K|1995|2412|164000|68|Saimaankatu 13 C
Metsäkangas|Lahti|K|2014|2525|178000|70.5|Satulakatu 31
Pyhätön|Lahti|K|1961|833|45000|54|Laitakatu 12
Kytölä|Lahti|K|1968|548|44900|82|Riekontie 1
Jaakkolankatu 29|Lahti|O|1941|1680|84000|50|Jaakkolankatu 29
Kasakkamäki|Lahti|O|1970|1513|180000|119|Koluntie 9
Pyhäntaka|Lahti|O|1990|1649|249000|151|Pyhäntaantie 708
Saksala|Lahti|K|1978|1307|98000|75|Pyökkipolku 6 A
Riihelä|Lahti|R|1978|1182|117000|99|Erviänkatu 35 B
Jalkaranta|Lahti|R|1985|1692|335000|198|Vasikkahaantie 3 A
Karisto|Lahti|O|2014|2711|328000|121|Kuusikkorinteenkatu 8
Keskusta|Lahti|K|1963|2046|89000|43.5|Kauppakatu 1
Kartano|Lahti|K|1958|2189|139000|63.5|Lahdenkatu 18
Keskusta|Lahti|K|1985|2483|149000|60|Erkonkatu 9 A
Jalkaranta|Lahti|K|1975|816|42000|51.5|Sarvikatu 8
Nastola-Rakokivi|Lahti|R|2017|2298|139000|60.5|Sukeltajantie 4
Mukkula|Lahti|R|1972|1658|199000|120|Vanhatie 24 C
Keskusta|Lahti|K|1997|2299|123000|53.5|Laaksokatu 11
Kiveriö|Lahti|K|1973|1842|105000|57|Kiveriönkatu 3 A
Karjusaari|Lahti|R|1984|1831|239000|130.5|Karjusaarenkatu 34
Metsäkangas|Lahti|K|2014|2184|154000|70.5|Satulakatu 31 A
Keskusta|Lahti|K|2014|3671|290000|79|Vesijärvenkatu 20 C
Liipola|Lahti|K|1973|908|74000|81.5|Eteläinen Liipolankatu 12
Ahtiala|Lahti|O|2018|2770|277000|100|Tuomituvankatu 1
Ruoriniemi|Lahti|K|2021|4109|189000|46|Ruoriniemenkatu 7 A
Hennala|Lahti|K|1994|2042|147000|72|Rykmentinkatu 48 A
Renkomäki|Lahti|O|2023|3074|395000|128.5|Merenpohjankaari 3
Paavola|Lahti|K|1963|1288|85000|66|Karjalankatu 27 B
Saksala|Lahti|K|1972|1254|42000|33.5|Poppelikatu 11-13 E
Jalkaranta|Lahti|K|1970|802|89000|111|Sarvikatu 7 as
Kytölä|Lahti|R|1991|1720|160000|93|Vitikankatu 10 as
Kerinkallio|Lahti|K|2016|522|20893|40|Lehtokatu 1
Ankkuri|Lahti|K|2007|2890|419000|145|Pollarikatu 3
Keski-Lahti|Lahti|K|1966|2294|117000|51|Yrjönkatu 5 as.
Paavola|Lahti|R|2005|3343|468000|140|Rautellinkatu 32
Hiekkanummi|/ Ahtiala Lahti|O|1984|1715|259000|151|Laaninkatu 4
Liipola|Lahti|K|0|1157|59000|51|Eteläinen Liipolankatu 12 B
Metsäkangas|Lahti|K|1979|1072|59500|55.5|Hakkapeliitankatu 16
Paavola|Lahti|O|1993|2738|178000|65|Kymintie 36
Hennala|Lahti|K|1959|1330|89800|67.5|Sorvarinkatu 2
Nastola|Lahti|O|1954|1000|119000|119|Petäjätie 4
Ahtiala|Lahti|O|1991|1737|238000|137|Kalskekatu 4
Hiekkanummi|Lahti|O|1960|1023|95000|92.9|Riihikalliontie 20
Keskusta|Lahti|K|1956|2258|109500|48.5|Kolkankatu 24
Patomäki|Lahti|O|1968|1171|199000|170|Talvikintie 15
Metsäpelto|Lahti|K|1963|907|34000|37.5|Annikintie 2
Keski-Lahti|Lahti|K|1911|2674|115000|43|Rautatienkatu 3 B
Ruoriniemi|Lahti|R|2005|4415|415000|94|Kapteeninkatu 2
Kiveriö|Lahti|O|1963|1024|85000|83|Kyllikintie 16
Kunnas|Lahti|O|0|1228|269000|219|Kajokatu 3
Möysä|Lahti|K|1960|1929|108000|56|Ahtialantie 5
Keskusta|Lahti|K|1961|1925|179000|93|Aleksanterinkatu 1 B
Villähde|Lahti|O|2007|2106|259000|123|Tuomipihlajantie 5
Keijupuisto|Lahti|K|2006|2403|179000|74.5|Keijutie 9
Karisto|Lahti|O|2010|3457|598000|173|Koskelantie 34
Metsäkangas|Lahti|K|1963|1250|35000|28|Kasakkamäentie 20
Villähde|Lahti|O|1980|1242|149000|120|Erolantie 6
Ahtiala|Lahti|O|1989|1504|179000|119|Onkikatu 3
Mukkula|Lahti|K|1968|1346|86800|64.5|Lapakatu 3 C
Saksala|Lahti|K|1985|1013|77000|76|Pyökkipolku 1
Kärpänen|Lahti|R|1987|1728|89000|51.5|Turhalankatu 1
Keskusta|Lahti|K|1963|2356|119000|50.5|Yrjönkatu 9
Keski-Lahti|Lahti|K|1960|2167|195000|90|Kauppakatu 2 A
Kyrölä|Lahti|K|1965|980|73000|74.5|Kyrölänkatu 3 A
Männistönrinne|Lahti|R|1992|1891|174000|92|Kivitaskunkuja 6 As
Keskusta|Lahti|K|1961|2383|112000|47|Rautatienkatu 8 C
Kärpänen|Lahti|K|1974|975|58000|59.5|Riimukatu 3 A
Kivimaa|Lahti|K|2016|503|35702|71|Kyrölänkatu 1b A 32
Hennala|Lahti|O|1888|1297|480000|370|Rykmentinkatu 40
Mukkula|Lahti|R|1967|1273|189000|148.5|Vanhatie 30
Kiveriö|Lahti|K|1964|1407|74000|52.6|Juustilankatu 9
Saksala|Lahti|K|1978|1307|98000|75|Pyökkipolku 6
Niemi|Lahti|K|1950|1928|82900|43|Lepolankatu 20 as
Hennala|Lahti|K|2016|534|21347|40|Wolter Ramsayn katu 4
Asemantausta|Lahti|K|2018|500|26494|53|Uudenpellonkatu 10
Niemi|Lahti|K|1950|1405|59000|42|Lepolankatu 11 A
Ala-Nikkilä|Lahti|R|2004|2195|169000|77|Ansakatu 5 A
Keskusta|Lahti|K|1954|1828|96900|53|Lahdenkatu 29
Sopenkorpi|Lahti|O|1946|913|219000|240|Harjunalustankatu 4
Kivimaa|Lahti|K|1966|1026|79000|77|Hörölänkatu 10
Keskusta|Lahti|K|1963|2931|299000|102|Puistokatu 11
Keskusta|Lahti|K|1938|2656|85000|32|Vuorikatu 16
Ankkuri|Lahti|K|1985|2208|159000|72|Vesijärvenkatu 47
Niemi|Lahti|K|1981|1831|59500|32.5|Metsästäjänkatu 1
Kiveriö|Lahti|K|1965|980|49000|50|Metsäpellontie 45 as
Asemantausta|Lahti|R|1989|2115|110000|52|Nuolikatu 7 a
Ahtiala|Lahti|R|1987|1582|125000|79|Kylänalustankatu 6
Keijupuisto|Lahti|K|1972|1417|85000|60|Kivikatu 8
Jalkaranta|Lahti|K|2020|540|28635|53|Honkakatu 11
Ahtiala|Lahti|K|1993|1267|57000|45|Sepänniemenkatu 2 D
Mäkelä|Lahti|O|1977|1920|169000|88|Sivakkapolku 7
Saksala|Lahti|K|1975|1413|106000|75|Pyökkipolku 8 A
Mukkula|Lahti|K|1967|717|67000|93.5|Mäklöörinkatu 6
Karisto|Lahti|R|2008|2454|146000|59.5|Apteekkarinkatu 1 D
Satulakatu 31|Lahti|K|2014|2171|89000|41|Satulakatu 31
Laune|Lahti|K|2014|2100|87800|41.8|Suorankulmankatu 10 B
Renkomäki|Lahti|O|2022|2957|448000|151.5|Kärppäkatu 3
Rakokivi|Lahti|K|1990|653|49000|75|Soratie 4 E
Jokimaa|Lahti|O|1989|1494|236000|158|Tuomenojankatu 35
Jalkaranta|Lahti|R|1967|1396|289000|207|Vasaroisenkatu 5
Kärpänen|Lahti|K|2018|527|20010|38|Lepinkäisenkatu 6
Mukkula|Lahti|K|1971|1091|60000|55|Ritaniemenkatu 8 H
Ankkuri|Lahti|K|2008|3586|355000|99|Laiturikatu 3
Metsäkangas|Lahti|K|1977|742|69000|93|Kasakkamäentie 28 E
Ruoriniemi|Lahti|R|2002|4223|549000|130|Kapteeninkatu 4 As
Nastola|Lahti|O|0|1240|129000|104|Jäkälätie 4
Liipola|Lahti|K|1973|1012|82500|81.5|Eteläinen Liipolankatu 12 D
Keskusta|Lahti|K|1961|3681|219000|59.5|Kirkkokatu 15 B
Turranmetsä|Lahti|O|1995|1481|228000|154|Korpintie 5
Liipola|Lahti|K|1973|1067|104000|97.5|Eteläinen Liipolankatu 14 C
Möysä|Lahti|K|1983|1131|82000|72.5|Lounaankatu 6
Jokimaa|Lahti|O|2005|1503|239000|159|Tuomimäenkatu 3
Metsämaa|Lahti|K|1971|900|45000|50|Huuhkajantie 6
Keskusta|Lahti|K|1989|2455|189000|77|Hämeenkatu 20 C
Jalkaranta|Lahti|K|1975|874|45000|51.5|Sarvikatu 10 D
Keski-Lahti|Lahti|K|1962|2231|145000|65|Vesijärvenkatu 24 A
Keski-Lahti|Lahti|K|1963|2357|165000|70|Vesijärvenkatu 4 B
Nastola|Lahti|O|1969|2756|620000|225|Vesarintie 52
Mukkula|Lahti|K|1967|584|58000|99.3|Pussikatu 1 A
Riihelä|Lahti|O|1978|1018|99800|98|Erviänkatu 66
Ahtiala|Lahti|O|2020|2787|209000|75|Pyrykatu 7
Riihelä|Lahti|K|1984|1178|53000|45|Törmäkatu 7 A
Kärpänen|Lahti|K|1975|908|54000|59.5|Riimukatu 1 A
Jalkaranta|Lahti|K|1974|797|63000|79|Monontie 6 A
Renkomäki|Lahti|O|1991|2376|259000|109|Satukatu 1
Keski-Lahti|Lahti|K|1999|2084|99000|47.5|Rauhankatu 3 A
Keskusta|Lahti|K|1948|1500|150000|100|Loviisankatu 3 A
Nastola|Lahti|R|1982|1125|90000|80|Asikkalantie 6 as 6
Nikkilä|Lahti|R|2006|2238|179000|80|Ansakatu 4 A
Keskusta|Lahti|K|1967|2911|131000|45|Vapaudenkatu 18
Jalkaranta|Lahti|K|1989|1912|109000|57|Honkalankuja 4 B
Ruoriniemi|Lahti|K|2023|4261|98000|23|Ruoriniemenkatu 1b
Pirttiharju|Lahti|O|2011|3458|695000|201|Työtie 3 a
Mukkula|Lahti|K|1971|1158|99000|85.5|Ritaniemenkatu 4
Paavola|Lahti|O|1960|4929|769000|156|Mustankalliontie 52
Mukkula|Lahti|K|1965|915|27000|29.5|Tanssimäenkatu 9
Tonttila|Lahti|K|1969|1054|78000|74|Riihitarhankatu 3
Jalkaranta|Lahti|R|1976|1685|187000|111|Otsokatu 10 B
Riihelä|Lahti|R|1978|1218|95000|78|Uotilankatu 27
Asemantausta|Lahti|K|1990|1453|69000|47.5|Rahikankatu 4 B
Liipola|Lahti|K|1973|771|59000|76.5|Huippukatu 3 C
Hennala|Lahti|K|2019|555|25542|46|Wolter Ramsayn katu 9
Keskusta|Lahti|K|1956|3167|95000|30|Mariankatu 19 A
Keskusta|Lahti|K|1956|3306|205000|62|Mariankatu 19 A
Keskusta|Lahti|K|1956|2905|215000|74|Mariankatu 19 A
Metsäkangas|Lahti|K|1973|1026|59000|57.5|Riimukatu 5 D
Nastola|Lahti|O|1992|2556|690000|270|Vesarinhaara 8
Tonttila|Lahti|O|1947|890|145000|163|Tonttilantie 8
Keskusta|Lahti|K|2014|3798|319000|84|Kirkkokatu 19 C
Keskusta|Lahti|K|1972|1356|80000|59|Vuoksenkatu 6 A
Jalkaranta|Lahti|O|1976|723|94000|130|Kiikkulankatu 28
Keski-Lahti|Lahti|K|1958|1535|70000|45.6|Vesijärvenkatu 36 B
Keski-Lahti|Lahti|K|1960|2462|176000|71.5|Kauppakatu 2 A
Möysä|Lahti|K|2024|4405|255500|58|Sammuttajankatu 9 A 26
Paavola|Lahti|R|2004|2644|119000|45|Kannaksenkatu 36
Kilpiäinen|Lahti|R|1993|1069|109000|102|Kortepohjankatu 6 D
Venetsia|Lahti|O|1966|1470|169000|115|Jaakkolankatu 14
Keskusta|Lahti|K|1962|2733|235000|86|Kirkkokatu 13
Mukkula|Lahti|K|1967|908|89000|98|Vanhatie 51 A
Venetsia|Lahti|O|2021|2535|360000|142|Kolmaskatu 13
Keski-Lahti|Lahti|K|1946|2167|169000|78|Loviisankatu 3 B
Nastola|Lahti|R|1983|982|83000|84.5|Harjutie 5 K
Metsäpelto|Lahti|K|1963|981|53000|54|Annikintie 2 A
Okeroinen|Lahti|O|1949|1417|85000|60|Nostavantie 76
Kytölä|Lahti|O|1953|890|89000|100|Santakatu 3
Ahtiala|Lahti|O|1952|989|88000|89|Sivakkakatu 12
Asemantausta|Lahti|K|2020|3632|227000|62.5|Askonkatu 12 A
Hennala|Lahti|K|2019|558|25102|45|Wolter Ramsayn katu 9
Ruoriniemi|Lahti|K|1997|3068|158000|51.5|Kapteeninkatu 3 A
Keski-Lahti|Lahti|K|1964|2482|139000|56|Puistokatu 7 as.
Möysä|Lahti|K|1937|1612|79000|49|Karjalankatu 22 A
Hennala|Lahti|K|2019|3386|149000|44|Wolter Ramsayn katu 3 A
Niemi|Lahti|K|1982|2000|152000|76|Kivakatu 6 B
Ahtiala|Lahti|K|1976|746|25000|33.5|Mansikkakatu 3 C
Keski-Lahti|Lahti|K|1954|1994|167500|84|Päijänteenkatu 15 A
Riihelä|Lahti|K|2016|502|22355|44.5|Törmäkatu 2 b A 04
Villähde|Lahti|O|1987|1770|239000|135|Piianpolku 15
Kiveriö|Lahti|K|1980|1256|108000|86|Metsäpellontie 47 A
Sopenkorpi|Lahti|K|1961|2189|79900|36.5|Hämeenlinnantie 24
Möysä|Lahti|K|2024|4072|169000|41.5|Sammuttajankatu 9 A 19
Riihelä|Lahti|R|1981|1387|120000|86.5|Erviänkatu 46
Ankkuri|Lahti|K|2018|3870|178000|46|Vesijärvenkatu 74 C as
Nikkilä|Lahti|R|2027|3295|253700|77|Metsätie 20 B As 3
Patomäki|Lahti|R|1975|1651|137000|83|Varpusenkatu 7 A
Möysä|Lahti|R|1981|1877|229000|122|Pekantie 18 A 1
Rakokivi|Lahti|R|2002|1665|159000|95.5|Hiekkatie 15 As
Jalkaranta|Lahti|K|1966|928|99800|107.5|Sarvikatu 1
Niemi|Lahti|K|1965|888|79000|89|Tietotie 6 A
Pirttiharju|Lahti|R|2023|3557|249000|70|Akselikatu 8 A
Keskusta|Lahti|K|1937|3921|298000|76|Mariankatu 23
Hennala|Lahti|K|1970|1657|58000|35|Rykmentinkatu 15 B
Nastola|Lahti|R|1991|1450|87000|60|Kauppatie 3 R
Mukkula|Lahti|K|1966|859|79900|93|Mukkulankatu 29
keskusta|Lahti|K|1956|1652|109000|66|Kolkankatu 22
Kivimaa|Lahti|K|2014|2731|269000|98.5|Vuoripojankatu 11a A
Nastola-Kumia|Lahti|O|2007|1860|225000|121|Jokirannantie 11
Ahtiala|Lahti|O|2007|1657|349000|210.6|Santerinkatu 9
Riihelä|Lahti|R|1978|712|78000|109.5|Erviänkatu 27 B
Mukkula/Kilpiäinen|Lahti|R|1980|1280|135000|105.5|Kilpiäistentie 2 A
Paavola|Lahti|K|2002|3269|358000|109.5|Kymintie 6 A
Saksala|Lahti|K|1974|1182|39000|33|Vaahterakatu 1-3 G
Saksala|Lahti|K|1972|937|84800|90.5|Poppelikatu 11-13 E
Laune|Lahti|K|2013|2398|143900|60|Launeenkatu 76 A
Asemantausta|Lahti|K|2018|501|26533|53|Uudenpellonkatu 8
Keskusta|Lahti|K|1948|1818|100000|55|Harjukatu 9 as
Asemantausta|Lahti|K|2018|512|27119|53|Uudenpellonkatu 8
Heinlammi|Lahti|O|0|1209|130000|107.5|Kylätie 1a
Kivimaa|Lahti|R|1976|1400|119000|85|Satotie 3 B
Ankkuri|Lahti|K|2003|3060|179000|58.5|Hinaajakatu 11 A
Ahtiala|Lahti|R|2016|502|37637|75|Viljarinteenkatu 2
Paavola|Lahti|K|1987|1983|116000|58.5|Tarmokatu 1
Paavola|Lahti|K|1960|1864|164000|88|Karjalankatu 41
Kytölä|Lahti|O|2022|2842|395000|139|Kytölän Selkätie 101
Laune|Lahti|O|1956|1234|169000|137|Vanamontie 25
Laune|Lahti|O|1960|558|67000|120|Kuovinkuja 12
Kaukkari|Lahti|R|1989|1848|195000|105.5|Rantakallionkatu 3
Tonttila|Lahti|K|1970|1232|114000|92.5|Tulikallionkatu 4 A
Keskusta|Lahti|K|1948|1904|119000|62.5|Harjukatu 9
Mukkula|Lahti|K|1966|939|53500|57|Tanssimäenkatu 8
Mukkula|Lahti|K|1966|1262|89000|70.5|Mukkulankatu 29 B
Villähde|Lahti|R|1990|2013|153000|76|Takojantie 7
Kivistönmäki|Lahti|K|1984|2725|94000|34.5|Kivakatu 12 B
Uusikylä|Lahti|K|1962|1606|159000|99|Uudenkyläntie 59
Kytölä|Lahti|O|1956|922|119000|129|Teerentie 16
Keskusta|Lahti|K|1963|2727|105000|38.5|Vesijärvenkatu 4
Liipola|Lahti|R|1975|1106|99000|89.5|Lehtokatu 4
Kausantie 32 as|Lahti|K|1969|574|35000|61|Kausantie 32 as
Jalkaranta|Lahti|O|1995|3667|550000|150|Sallinkatu 2
Kiveriö|Lahti|K|1967|816|62000|76|Juustilankatu 5 A
Pirttiharju|Lahti|O|2022|4755|875000|184|Sompionkuja 13
Liipola|Lahti|K|1970|908|54000|59.5|Luhtikatu 3
Laune|Lahti|R|1992|1457|118000|81|Rahkakatu 8-10
Kivimaa|Lahti|O|1945|993|270000|272|Heinlammintie 35
Mukkula|Lahti|K|1965|870|50000|57.5|Pilkotunmäenkatu 6 D
Ahtiala|Lahti|O|1932|2455|135000|55|Ryylintie 31
Keijupuisto|Lahti|K|1970|1156|89000|77|Tapparakatu 3
Mukkula|Lahti|K|1984|1400|49000|35|Vanhatie 57 C
Mukkula|Lahti|R|1967|1101|175000|159|Kaivolankatu 2
Liipola|Lahti|K|1970|1017|59000|58|Luhtikatu 4
Kiveriö|Lahti|K|1963|1589|89000|56|Kiveriönkatu 19
Asemantausta|Lahti|K|2024|624|34646|55.5|Vahva-Jussin lenkki 11
Metsäpelto|Lahti|K|1964|1000|49000|49|Metsäpellontie 59
Jalkaranta|Lahti|O|1973|2043|378000|185|Karhunkatu 1
Kilpiäinen|Lahti|R|1970|1325|159000|120|Kevätkatu 14
Kiveriö|Lahti|K|1967|1339|75000|56|Juustilankatu 7 C
Metsäkangas|Lahti|K|1976|790|49800|63|Suitsikatu 7 C
Mukkula|Lahti|K|1966|948|64000|67.5|Tanssimäenkatu 7
Kiveriö|Lahti|K|1964|1007|69000|68.5|Hirsimetsäntie 63 A
Paavola|Lahti|K|1997|2373|149500|63|Laaksokatu 11
Liipola|Lahti|K|1975|1429|45000|31.5|Itäkatu 2 B
Mukkula|Lahti|K|1966|787|35000|44.5|Tanssimäenkatu 7
Keskusta|Lahti|K|1942|1371|85000|62|Vesijärvenkatu 40
Asemantausta|Lahti|K|1962|2405|89000|37|Uudenmaankatu 7 A
Keskusta|Lahti|K|2017|3087|230000|74.5|Kulmakatu 4
Metsämaa|Lahti|K|1969|1009|59000|58.5|Riekontie 5
Möysä|Lahti|K|1955|1677|78000|46.5|Ahtialantie 7 B
Hennala|Lahti|K|2008|2682|228000|85|Rykmentinkatu 4
Koivukumpu|Lahti|O|1991|2028|217000|107|Saavikatu 4
Renkomäki|Lahti|O|1945|963|79000|82|Linjaportintie 8
Pyhätön|Lahti|K|1961|1145|79000|69|Laitakatu 6 A
Kivimaa|Lahti|O|1948|1170|161500|138|Norjankatu 6
Kilpiäinen|Lahti|O|1968|1131|198000|175|Mukkulankatu 60
Jalkaranta|Lahti|O|1985|3340|875000|262|Kankolankuja 1
Renkomäki|Lahti|O|2014|2513|299000|119|Pentinkatu 13
Metsäkangas|Lahti|K|1975|992|59000|59.5|Riimukatu 1 B
Keskusta|Lahti|K|2014|3418|282000|82.5|Rauhankatu 17 b
Saksala|Lahti|R|1946|2120|318000|150|Pajukatu 15 B
Mukkula|Lahti|K|1969|750|57000|76|Tanssimäenkatu 2 B
Keskusta|Lahti|K|1938|1634|67000|41|Hämeenkatu 21 C
Paavola|Lahti|K|2026|626|38796|62|Seponkatu 5
Nikkilä|Lahti|R|2003|2038|159000|78|Muuntajankatu 1 as
Keskusta|Lahti|K|1964|2251|149700|66.5|Puistokatu 7
Metsäkangas|Lahti|K|1979|1459|108000|74|Hakkapeliitankatu 14 c
Keskusta|Lahti|K|2017|3739|129000|34.5|Panimokatu 6
Jalkaranta|Lahti|R|2014|4445|849000|191|Lestikatu 3
Jalkaranta|Lahti|O|2014|3980|585000|147|Lestikatu 3
Möysä|Lahti|K|1963|1649|80000|48.5|Ruolankatu 18 A
Ahtiala|Lahti|O|1932|2455|135000|55|Ryylintie 31
Tulikallio|Lahti|K|1971|1390|82000|59|Tulikallionkatu 4
Villähde|Lahti|R|1990|1920|169000|88|Jukolantie 6 A
Laune|Lahti|R|1945|1714|60000|35|Pajusillankatu 17
Riihelä|Lahti|O|1979|1223|159000|130|Kaurakatu 6
Kivimaa|Lahti|R|1945|975|99000|101.5|Heinlammintie 50 A
Keskusta|Lahti|K|1958|870|47000|54|Hämeenkatu 16 A
Keski-Lahti|Lahti|K|1991|2714|95000|35|Vesijärvenkatu 10 B
Nikkilä|Lahti|R|2021|3221|219000|68|Eevankatu 4
Jalkaranta|Lahti|K|1974|1076|85000|79|Monontie 4 C
Karisto|Lahti|R|2020|2759|149000|54|Karistonkatu 216 C
Paavola|Lahti|K|2008|3041|149000|49|Töyrykatu 16
Pyhätön|Lahti|K|1960|1667|125000|75|Mustankalliontie 56
Nastola|Lahti|O|1973|793|119000|150|Kouvolantie 43
Asemantausta|Lahti|K|2025|3609|369900|102.5|Vahva-Jussin lenkki 27 A34
Ahtiala|Lahti|K|1979|810|47000|58|Hillakatu 7 A
Paavola|Lahti|K|2003|2752|194000|70.5|Laaksokatu 24 A
Kytölä|Lahti|R|1987|2048|149500|73|Kaskenkaatajankatu 26 C
Keskusta|Lahti|K|1968|2506|109000|43.5|Rautatienkatu 19 B
Asemantausta|Lahti|O|1928|3137|640000|204|Moisionkatu 4 B
Hennala|Lahti|K|1959|2212|115000|52|Sorvarinkatu 2 B
Kytölä|Lahti|O|1971|1210|75000|62|Kytölän Selkätie 49
Laune|Lahti|O|1958|647|99000|153|Kuovinkuja 6
Kilpiäinen|Lahti|R|2006|2045|137000|67|Kielokatu 2
Patomäki|Lahti|O|1971|1570|157000|100|Närhinkatu 13
Soltti|Lahti|O|2023|3805|430000|113|Merrasojantie 6a
Karisto|Lahti|R|2021|2862|249000|87|Räätälinkatu 2-4 B
Kivimaa|Lahti|K|1969|931|54000|58|Katajakatu 1
Mukkula|Lahti|K|1965|867|65000|75|Tanssimäenkatu 9 F
Keski-Lahti|Lahti|K|1959|2300|69000|30|Sibeliuksenkatu 2 A
Nikkilä|Lahti|R|2006|2249|208000|92.5|Ansakatu 14 C
Kivimaa|Lahti|R|1985|1831|108000|59|Kuusirinteenkatu 5 D
Keski-Lahti|Lahti|K|1961|2262|95000|42|Aleksanterinkatu 1 B
Keski-Lahti|Lahti|K|1962|2294|187000|81.5|Vuorikatu 9
Keskusta|Lahti|K|1958|1606|105000|65.4|Vesijärvenkatu 36 C
Laune|Lahti|K|1961|885|54000|61|Mäntsäläntie 46
Mukkula|Lahti|K|1967|880|92000|104.5|Reppurinkatu 2 F
Männistönrinne|Lahti|R|1974|1135|99900|88|Saviruukinkatu 13
Karisto|Lahti|O|2020|3070|284000|92.5|Kaskikeijunkatu 8
Kartano|Lahti|K|1941|1725|119000|69|Lahdenkatu 10 A
Patomäki|Lahti|R|1985|1738|139000|80|Tiaisenkatu 7 a
Herrasmanni|Lahti|K|1988|1250|75000|60|Ahtialan Selkätie 23 B
Möysä|Lahti|K|1961|1794|87000|48.5|Viipurintie 3
Ankkuri|Lahti|K|2011|2821|149500|53|Paapuurinkatu 4 As
Päiväharju/Kärpänen|Lahti|K|1983|1196|67000|56|Päivärinteenkatu 7
Jalkaranta|Lahti|R|1998|2884|359000|124.5|Vasikkakatu 4
Keskusta|Lahti|K|1947|2177|276000|126.8|Lahdenkatu 14 D
Keski-Lahti|Lahti|K|1963|2299|269000|117|Vesijärvenkatu 4 A
Kärpänen|Lahti|R|2017|3287|189000|57.5|Lepinkäisenkatu 3
Ankkuri|Lahti|K|2010|2000|120000|60|Pollarikatu 5
Keskusta|Lahti|K|1959|2231|145000|65|Vesijärvenkatu 34
Kerinkallio|Lahti|O|1946|1225|117600|96|Nikkarinkatu 46
Paavola|Lahti|K|1995|1951|119000|61|Laaksokatu 3 A
Kärpänen|Lahti|K|1983|1355|105000|77.5|Päivärinteenkatu 7
Möysä|Lahti|K|1964|1394|115000|82.5|Viipurintie 7
Keskusta|Lahti|K|1931|2600|299000|115|Hämeenkatu 19
Möysä|Lahti|K|1961|1014|70000|69|Laitakatu 6 B
Kartano|Lahti|K|1941|1369|109000|79.6|Kariniemenkatu 28 E
Nastola|Lahti|R|1982|1222|110000|90|Hollolantie 1 as.
Karisto|Lahti|R|2017|2699|278000|103|Välskärinkatu 2
Anttilanmäki|Lahti|O|1906|3026|348000|115|Anttilankatu 14
Keskusta|Lahti|K|2014|3244|219000|67.5|Vesijärvenkatu 20
Keskusta/Keski-Lahti|Lahti|K|1954|3195|468000|146.5|Paasikivenkatu 1
Jalkaranta|Lahti|K|1972|1571|110000|70|Kiikkulankatu 5
Keijupuisto|Lahti|R|2018|2769|234000|84.5|Vanhanladonkatu 5
Kiveriö|Lahti|K|1953|1621|107000|66|Kiveriönkatu 54
Ahtiala|Lahti|K|1988|1250|75000|60|Herrasmanninkatu 2
Mukkula|Lahti|K|1967|803|94000|117|Mäklöörinkatu 5 as
Kärpänen|Lahti|R|1988|2561|105000|41|Kaunisharjunkatu 3
Keskusta|Lahti|K|1957|2369|199000|84|Vesijärvenkatu 44
Paavola|Lahti|K|2009|2532|200000|79|Kymintie 30 as
Karisto|Lahti|R|2018|3152|156000|49.5|Saniaiskatu 5
Kiveriö|Lahti|K|1962|1163|59900|51.5|Hirsimetsäntie 67
Liipola|Lahti|K|0|1037|98500|95|Luhtikatu 3 A
Sopenkorpi|Lahti|K|2006|2500|125000|50|Kirveskatu 2 A
Paavola|Lahti|K|1973|2736|249000|91|Poikkikatu 3
Jalkaranta|Lahti|K|1974|744|45000|60.5|Monontie 6 C
Saksala|Lahti|R|1978|1095|109000|99.5|Leppäkatu 8-10 B
Tonttila|Lahti|K|1972|923|54000|58.5|Riihitarhankatu 1 A
Nastola|Lahti|O|1973|919|124000|135|Lukkarintie 4
Laune|Lahti|K|2013|2535|180000|71|Launeenkatu 76 A
Koneharju|Lahti|R|1989|1883|145000|77|Reunakatu 22A E
Keskusta|Lahti|K|1931|1215|48000|39.5|Onnelantie 11
Paavola|Lahti|K|2026|612|27254|44.5|Seponkatu 5
Riihelä|Lahti|R|1983|1252|99500|79.5|Erviänkatu 28 B
Metsäkangas|Lahti|K|1975|658|64500|98|Valjaskatu 2-4 A
Kärpänen|Lahti|K|2018|505|22715|45|Lepinkäisenkatu 6
Tonttila|Lahti|K|1974|1071|75000|70|Riihitarhankatu 2 A
Jalkaranta|Lahti|R|1978|1975|159000|80.5|Ahmakatu 1 as
Metsäpelto|Lahti|K|1964|1580|79000|50|Pohjanakanpolku 1 A
Keskusta|Lahti|K|1955|2520|126000|50|Oikokatu 9 A
Keskusta|Lahti|K|1991|3274|239000|73|Kymintie 5
Mukkula|Lahti|O|1963|2164|119000|55|Haapakuja 17
Keskusta|Lahti|K|1950|2345|129000|55|Saimaankatu 10
Ruoriniemi|Lahti|K|2019|3716|249000|67|Ruoriniemenkatu 3 A
Keski-Lahti|Lahti|K|1958|1441|85000|59|Vesijärvenkatu 36 A
Asemantausta|Lahti|K|2013|2762|139500|50.5|Vanhanladonkatu 4 E
Nastola|Lahti|R|1981|1358|129000|95|Soratie 8 As
Hennala|Lahti|K|1939|1502|350000|233|Kansakoulukatu 11
Paavola|Lahti|K|2026|584|36198|62|Seponkatu 5
Renkomäki|Lahti|O|2022|3281|315000|96|Näkkimistönkatu 16 C
Pirttiharju|Lahti|O|1982|2343|239000|102|Reppukatu 2
Kasakkamäki|Lahti|R|1984|1455|139000|95.5|Kampikatu 4
Keskusta|Lahti|K|2023|4937|195000|39.5|Onnelantie 2 as 1
Paavola|Lahti|K|1937|1263|84000|66.5|Karjalankatu 22
Paavola|Lahti|K|2026|664|28221|42.5|Seponkatu 5
Keskusta|Lahti|K|1951|2722|245000|90|Mariankatu 16
Riihelä|Lahti|R|1983|1140|98000|86|Erviänkatu 40
Kärpänen|Lahti|K|2018|507|22305|44|Lepinkäisenkatu 6
Keski-Lahti|Lahti|K|1985|2789|99000|35.5|Rautatienkatu 23 A
Keskusta|Lahti|K|1957|2820|196000|69.5|Aleksanterinkatu 35 B
Anttilanmäki|Lahti|O|1928|3150|315000|100|Linjakatu 12
Kartano|Lahti|K|2007|3315|295000|89|Vesijärvenkatu 63
Keski-Lahti|Lahti|K|2007|3029|265000|87.5|Kolkankatu 23 A
Mukkula|Lahti|K|1969|623|48000|77|Mukkulankatu 36
Keskusta|Lahti|K|1957|1941|99000|51|Vesijärvenkatu 18
Paavola|Lahti|K|2026|650|27314|42|Seponkatu 5
Paavola|Lahti|K|2026|624|26227|42|Seponkatu 5
Paavola|Lahti|K|2026|638|28402|44.5|Seponkatu 5
Paavola|Lahti|K|2026|584|43510|74.5|Seponkatu 5
Paavola|Lahti|K|2026|619|26287|42.5|Seponkatu 5
Paavola|Lahti|K|2026|596|36923|62|Seponkatu 5
Paavola|Lahti|K|2026|632|26529|42|Seponkatu 5
Paavola|Lahti|K|2026|602|37346|62|Seponkatu 5
Paavola|Lahti|K|2026|645|27073|42|Seponkatu 5
Paavola|Lahti|K|2026|644|27375|42.5|Seponkatu 5
Karisto|Lahti|R|2007|2500|215000|86|Apteekkarinkatu 9 B
Möysä|Lahti|K|1964|1232|69000|56|Viipurintie 7
Mukkula|Lahti|K|1968|909|45000|49.5|Kevätkatu 9
Metsäkangas|Lahti|K|1963|500|14500|29|Kasakkamäentie 9 As
Paavola|Lahti|K|2026|608|37708|62|Seponkatu 5
Paavola|Lahti|K|2026|608|39219|64.5|Seponkatu 5
Paavola|Lahti|K|2026|625|27798|44.5|Seponkatu 5
Paavola|Lahti|K|2026|590|36560|62|Seponkatu 5
Paavola|Lahti|K|2026|572|42603|74.5|Seponkatu 5
Paavola|Lahti|K|2026|614|38071|62|Seponkatu 5
Paavola|Lahti|K|2026|595|44356|74.5|Seponkatu 5
Paavola|Lahti|K|2026|657|27919|42.5|Seponkatu 5
Paavola|Lahti|K|2026|663|27858|42|Seponkatu 5
Tonttila|Lahti|K|1971|919|85000|92.5|Tulikallionkatu 4 A
Asemantausta|Lahti|K|2025|3953|237200|60|Vahva-Jussin lenkki 27 A8
Jaakonkatu 3|Lahti|K|2018|3650|146000|40|Jaakonkatu 3
Kytölä|Lahti|R|2026|2982|325000|109|Kirkonpellonkatu 10
Villähde|Lahti|O|1979|1667|155000|93|Pajutie
Keskusta|Lahti|K|2023|4603|359000|78|Onnelantie 2 as 7
Ahtiala|Lahti|R|1977|1675|134000|80|Mansikkapolku 3
Metsäkangas|Lahti|K|1977|1177|93000|79|Suitsikatu 15 C
Asemantausta|Lahti|K|2025|4007|178300|44.5|Vahva-Jussin lenkki 27 A2
Hiekkanummi|Lahti|O|1955|746|85000|114|Eskolanmäentie 48
Ahtiala|Lahti|R|1990|1467|88000|60|Vilanderinkatu 1 D
Sopenkorpi|Lahti|K|2013|2575|215000|83.5|Hämeenlinnantie 18 A
Keskusta|Lahti|K|1961|1933|58000|30|Kauppakatu 4 C
Nastola|Lahti|O|1965|1340|130000|97|Ratsutie 43
Keskusta|Lahti|K|2007|3130|108000|34.5|Panimokatu 19
Hennala|Lahti|O|1931|2177|320000|147|Vähäkuja 4
Metsäkangas|Lahti|K|2014|2855|129900|45.5|Satulakatu 31 A
Mukkula|Lahti|R|1967|1126|179000|159|Kaivolankatu 2 B
Tonttila|Lahti|K|2017|2825|89000|31.5|Kokkokallionkatu 1 A
Nikkilä|Lahti|O|1974|2090|209000|100|Perhokatu 4
Renkomäki|Lahti|O|2013|2621|249000|95|Kuusennäreenkatu 6
Möysä|Lahti|K|1963|1506|125000|83|Viipurintie 5 A
Metsäkangas|Lahti|K|1973|986|69000|70|Riimukatu 5 A
Keskusta|Lahti|K|1988|2705|119000|44|Hämeenkatu 20
Metsäkangas|Lahti|K|1977|817|76000|93|Valjaskatu 6 C
Kärpänen|Lahti|O|2019|3993|575000|144|Näköharjuntie 27
Nastola|Lahti|R|1985|1282|75000|58.5|Norbergintie 8
Keskusta|Lahti|K|1931|1810|228000|126|Rautatienkatu 13
Kilpiäinen|Lahti|R|1973|930|133000|143|Kevätkatu 16 B
Pirttiharju|Lahti|R|2003|1991|219000|110|Palokunnantie 42-44 A
Nastola|Lahti|R|1974|1079|109000|101|Olkitie 4 as
Holma|Lahti|K|1967|1164|85000|73|Timonkatu 7 B
Kiveriö|Lahti|K|1965|1154|62300|54|Metsäpellontie 45
Kiveriö|Lahti|K|1965|1440|72000|50|Metsäpellontie 45 as
Kivimaa|Lahti|K|2017|2857|80000|28|Mukkulankatu 16 A
Kivimaa|Lahti|K|2017|2857|80000|28|Mukkulankatu 16 A
Asemantausta|Lahti|K|1992|2200|110000|50|Vasamakatu 8 B
Kiveriö|Lahti|K|1963|1493|109000|73|Juustilankatu 8 A
Laune|Lahti|K|1990|1700|85000|50|Mustamäenkatu 21 C
Mukkula|Lahti|K|1965|558|53000|95|Tanssimäenkatu 9 D
Keskusta|Lahti|K|1957|2287|199000|87|Kulmakatu 6 A
Mukkula|Lahti|R|1967|1071|159000|148.5|Vanhatie 30 B
Asemantausta|Lahti|R|1989|2566|195000|76|Tanhutie 2
Möysä|Lahti|K|1968|843|59000|70|Harjulankatu 13 B
Mukkula|Lahti|K|2011|1861|94000|50.5|Huvikatu 12
Patoniitty|Lahti|O|2011|3113|495000|159|Porvoonjoenkuja 5
Rakokivi|Lahti|O|1975|536|59000|110|Koulutie 9
Kilpiäinen|Lahti|O|1977|1329|139500|105|Kaislakatu 2
keskusta|Lahti|K|1956|2519|199000|79|Vesijärvenkatu 22
keskusta|Lahti|K|1962|2600|169000|65|Vesijärvenkatu 24
Asemantausta|Lahti|K|1989|1421|89500|63|Vaaksakatu 3 E
Patomäki|Lahti|O|0|1658|189000|114|Lokinkatu 5
Paavola|Lahti|K|2026|578|43087|74.5|Seponkatu 5
Paavola|Lahti|K|2026|637|26770|42|Seponkatu 5
Kytölä|Lahti|O|2020|2823|398000|141|Lihtakatu 10
Kunnas|Lahti|R|1994|1619|129500|80|Syyskatu 4
Kivimaa|Lahti|R|1985|1851|137000|74|Kuusirinteenkatu 5 C
Keskusta|Lahti|K|1963|1687|113000|67|Vuorikatu 24 C
Rakokivi|Lahti|O|1980|749|89900|120|Kuntotie 2
Liipola|Lahti|K|1972|1026|79000|77|Pihtikatu 16 D
Keskusta|Lahti|K|1962|2766|278000|100.5|Vesijärvenkatu 24 A
Kunnas|Lahti|O|1994|1338|198000|148|Halikankatu 15
Viuha|Lahti|R|2020|2850|275000|96.5|Iltakallionkatu 3 B
Niemi|Lahti|K|1974|1288|76000|59|Omenapellontie 5 C
Karisto|Lahti|R|2017|2545|238000|93.5|Posteljooninkatu 2 B
Hennala|Lahti|K|2019|537|27363|51|Wolter Ramsayn katu 9
Kivistönmäki|Lahti|K|1978|1266|88000|69.5|Asikkalankatu 47 B
Kivimaa|Lahti|R|1948|1255|119900|95.5|Heinlammintie 48 B
Metsäpelto|Lahti|K|1965|889|48000|54|Kyrölänkatu 5 A
Ankkuri|Lahti|K|2001|2233|134000|60|Hinaajakatu 6
Keskusta|Lahti|K|1956|2600|169000|65|Vesijärvenkatu 22
Asemantausta|Lahti|K|2025|4103|190800|46.5|Vahva-Jussin lenkki 27 A10
Keskusta|Lahti|K|1988|1720|129000|75|Vesijärvenkatu 41 D
Tulikallio|Lahti|K|1971|961|73000|76|Tulikallionkatu 4
Keski-Lahti|Lahti|K|1963|2084|99000|47.5|Vesijärvenkatu 3 B
Keskusta|Lahti|K|2003|3167|285000|90|Kirkkokatu 6
Päiväharju|Lahti|R|1980|1970|146799|74.5|Päivärinteenkatu 1 B
Hennala|Lahti|K|1913|1565|180000|115|Hennalankatu 267
Liipola|Lahti|K|1971|902|55000|61|Ostoskatu 24 A
Ruoriniemi|Lahti|K|2007|4663|429000|92|Ruoriniemenkatu 14 B
Paavola|Lahti|K|2026|554|41032|74|Seponkatu 5
Paavola|Lahti|K|2026|566|42180|74.5|Seponkatu 5
Paavola|Lahti|K|2026|606|26952|44.5|Seponkatu 5
Asemantausta|Lahti|R|2001|2132|129000|60.5|Nuolikatu 5 A
Nastola|Lahti|R|1971|573|59000|103|Aurinkolantie 10 As
Villähde|Lahti|O|2021|4226|710000|168|Kärkjärventie 15
Nastola|Lahti|R|1979|1154|105000|91|Nousutie 19 A
Möysä|Lahti|K|1956|1527|84000|55|Karjalankatu 35 B
Rakokivi|Lahti|O|1982|1127|115000|102|Sienitie 9
Paavola|Lahti|K|1997|2372|185000|78|Laaksokatu 11 A
Nastola|Lahti|O|2021|4601|582000|126.5|Hämmärannantie 5
Villähde|Lahti|O|2003|1888|269000|142.5|Kurenpolku 6
Villähde|Lahti|R|2003|1918|163000|85|Ostostie 1 as
Patomäki|Lahti|R|1981|1595|134000|84|Harakankatu 2
Jokimaa|Lahti|O|2004|1808|385000|213|Tuomimäenkatu 6
Ankkuri|Lahti|K|2007|2835|129000|45.5|Paapuurinkatu 12
Mukkula|Lahti|R|1970|2727|135000|49.5|Pussikatu 6 A
Asemantausta|Lahti|R|1989|2439|189000|77.5|Nuolikatu 7 A
Kasakkamäki|Lahti|O|1964|1978|178000|90|Matkamiehenkatu 24
Pirttiharju|Lahti|R|1999|2558|289000|113|Ratsumiehenkatu 2
Niemi|Lahti|K|1975|2171|76000|35|Niemenkatu 1
Pirttiharju|Lahti|R|1993|1500|204000|136|Jokiäyräänkatu 14 A
Kiveriö|Lahti|K|1953|1475|59000|40|Kiveriönkatu 54
Ankkuri|Lahti|K|2010|2619|165000|63|Paapuurinkatu 6 as
Kilpiäinen|Lahti|O|1998|838|335000|400|Kilpiäistentie 31
Nastola|Lahti|K|1962|722|39000|54|Kukkastie 9 A
Pyhätön|Lahti|O|1984|1489|198000|133|Mäntykatu 11
Paavola|Lahti|K|1939|1768|99000|56|Karjalankatu 12 as
Keskusta|Lahti|K|1960|2317|139000|60|Kauppakatu 2 B
Patomäki|Lahti|R|1973|1275|139000|109|Varpusenkatu 5
Kivimaa|Lahti|K|2017|2205|129000|58.5|Mukkulankatu 16 A
Riihelä|Lahti|R|1978|1594|165000|103.5|Uotilankatu 49 as
Patomäki|Lahti|O|1974|1615|189000|117|Kuukkelinkatu 13
Keskusta|Lahti|K|1998|2391|165000|69|Vesijärvenkatu 23 A
Kunnas|Lahti|O|1986|1313|189000|144|Kulmalankatu 14
Jalkaranta|Lahti|K|1992|1716|127000|74|Sarvikatu 4
Nastola|Lahti|K|1967|559|33000|59|Keskustie 2 B
Nikkilä|Lahti|R|2027|3290|253330|77|Metsätie 20 B As 2
Nikkilä|Lahti|R|2027|3290|299390|91|Metsätie 20 B As 1
Metsä-Hennala|Lahti|O|1992|1815|188000|103.6|Kuriirinkatu 10
Ankkuri|Lahti|K|2008|2977|259000|87|Laiturikatu 1
Asemantausta|Lahti|K|2013|2837|139000|49|Uusikatu 10
Sipura|Lahti|R|1989|1636|144000|88|Onkipojankatu 7 B
Ahtialan|kaupunginosa Lahti|R|1992|1006|85000|84.5|Sipurantie 8
Keskusta|Lahti|K|1995|1941|132000|68|Saimaankatu 13
Renkomäki|Lahti|R|2007|2084|248000|119|Juttukatu 7B
Laune|Lahti|O|1954|754|89000|118|Keijutie 40
Kerinkallio|Lahti|R|1984|1925|129000|67|Kerinkallionkatu 9
Mukkula|Lahti|K|1967|812|69000|85|Reppurinkatu 4 A
Sopenkorpi|Lahti|K|2013|2414|121900|50.5|Hämeenlinnantie 18 B
Sopenkorpi|Lahti|K|2013|2117|106900|50.5|Hämeenlinnantie 18 B
Ahtiala|Lahti|O|1991|1682|249000|148|Tuulentuvankatu 4
Hennala|Lahti|K|1945|1880|94000|50|Hennalankatu 282 A
Mukkula|Lahti|K|2013|2061|131900|64|Huvikatu 8 A
Mukkula|Lahti|K|2013|1856|142900|77|Huvikatu 8 A
Kärpänen|Lahti|K|1988|1136|63600|56|Päivärinteenkatu 3 A
Laune|Lahti|O|1955|1100|99000|90|Etelätie 21
Jalkaranta|Lahti|K|1992|1473|109000|74|Sarvikatu 4 B
Metsäkangas|Lahti|K|2014|2055|145900|71|Satulakatu 31 A
Uusikylä|Lahti|O|1992|1284|147000|114.5|Yhteiskouluntie 44 A
Patomäki|Lahti|O|1973|557|78000|140|Lokinkatu 26
Keskusta|Lahti|K|1961|1919|119000|62|Rautatienkatu 10
Ankkuri|Lahti|K|2011|3292|139900|42.5|Proomukatu 2 A
Metsäpelto|Lahti|K|1967|972|69000|71|Metsärinteenkatu 11 C
Kivimaa|Lahti|K|1967|786|55000|70|Kyrölänkatu 4 A
Keski-Lahti|Lahti|K|2013|4200|525000|125|Panimokatu 14 as
Metsäpelto|Lahti|K|1966|581|25000|43|Annikintie 1
Kärpänen|Lahti|K|1978|726|49000|67.5|Katsastajankatu 13 B
Keskusta|Lahti|K|1943|3915|189900|48.5|Mariankatu 12 C
Keskusta|Lahti|K|1943|3849|205900|53.5|Mariankatu 12 C
keskusta|Lahti|K|2014|3198|167900|52.5|Vesijärvenkatu 21 A
Mukkula|Lahti|K|2013|2038|102900|50.5|Huvikatu 8 A
Hennala|Lahti|K|1973|952|59000|62|Kasarmikatu 1 C
Patomäki|Lahti|O|1973|1774|220000|124|Tikankatu 27
Mukkula|Lahti|K|1966|942|49000|52|Tanssimäenkatu 7 B
Kilpiäinen|Lahti|K|1968|1107|67000|60.5|Poutakatu 6 B
Malski|Lahti|K|2015|2848|170900|60|Päijänteenkatu 7 A
Malski|Lahti|K|2015|3284|160900|49|Päijänteenkatu 7 A
Möysä|Lahti|K|1971|832|77000|92.5|Tulikallionkatu 3 A
Metsäkangas|Lahti|K|1976|618|47000|76|Kaviokatu 2-4 C
Tuomenoja|Lahti|O|1978|1174|257000|219|Tuomenojankatu 18
Metsäkangas|Lahti|K|1980|849|79000|93|Suitsikatu 4 E
Riihelä|Lahti|R|1978|1227|54000|44|Erviänkatu 58 B
Paavola|Lahti|K|1959|2341|59000|25.2|Oikokatu 6 A
Pirttiharju|Lahti|O|1989|1682|259000|154|Sorakatu 14
Liipola|Lahti|K|1974|1006|78000|77.5|Jyrkänkatu 9 C
Metsäkangas|Lahti|K|2014|2607|106900|41|Satulakatu 31 A
Sopenkorpi|Lahti|K|2013|2564|126900|49.5|Hämeenlinnantie 18 A
Laune|Lahti|K|2013|2503|108900|43.5|Launeenkatu 76 D
Laune|Lahti|K|2013|2515|111900|44.5|Launeenkatu 76 A
Keskusta|Lahti|K|1962|1756|79000|45|Vuorikatu 9
Turranmetsä|Lahti|O|2007|1827|285000|156|Roopentie 5
Metsäkangas|Lahti|K|1976|684|52000|76|Kaviokatu 2-4
Kasakkamäki|Lahti|O|1974|1090|218000|200|Riihelänkatu 77
Nastola|Lahti|K|1965|909|55000|60.5|Aurantie 5 B
Jalkaranta|Lahti|K|1975|1357|78000|57.5|Sarvikatu 8
Renkomäki|Lahti|O|2024|3270|294300|90|Jupiterkatu 2 B
Villähde|Lahti|O|1949|2167|195000|90|Villähteentie 318
Keskusta|Lahti|K|1959|1403|79000|56.3|Oikokatu 6
Karisto|Lahti|R|2012|2358|224000|95|Alahanganpolku 2
Kivimaa|Lahti|O|1942|1961|249000|127|Ruotsinkatu 5
Keskusta|Lahti|K|2000|3189|228000|71.5|Kirkkokatu 23
Takkula|Lahti|O|1992|1568|428000|273|Hietarannankatu 17
Kanerva|Lahti|R|1989|1316|129000|98|Opintie 9 as
Kilpiäinen|Lahti|R|1970|1163|139500|120|Kevätkatu 14
Keskusta|Lahti|K|1963|2284|265000|116|Ahvenistonkatu 4 A
Tonttila|Lahti|K|1970|997|73800|74|Riihitarhankatu 5
Metsämaa|Lahti|K|1969|1006|79500|79|Riekontie 9
Laune|Lahti|K|1962|952|59000|62|Mäntsäläntie 44 as
Liipola|Lahti|K|1974|965|55000|57|Jyrkänkatu 3 D
Kunnas|Lahti|R|1991|1774|165000|93|Kasvitarhankatu 3 C
Kokkokallio|Lahti|K|1972|1260|73700|58.5|Kokkokallionkatu 11
Kiveriö|Lahti|K|1965|900|54000|60|Pohjanakanpolku 1 A
Keskusta|Lahti|K|1962|2325|279000|120|Sibeliuksenkatu 4
Mukkula|Lahti|K|1967|745|39500|53|Timonkatu 2
Renkomäki|Lahti|O|1998|1671|279000|167|Tukkikatu 1
Kerinkallio|Lahti|R|1949|1867|168000|90|Kerintie 19
Keskusta|Lahti|K|1990|2838|227000|80|Vapaudenkatu 1 B
Villähde|Lahti|O|2018|2242|269000|120|Vihtorintie 34
Kiveriö|Lahti|O|1960|700|70000|100|Kyllikintie 14
Kaukkari|Lahti|O|0|1667|115000|69|Tuohimäenkatu 15
Liipola|Lahti|K|1974|817|47000|57.5|Jyrkänkatu 9
Jalkaranta|Lahti|K|1973|1309|89000|68|Vuorisenkatu 5 A
Keski-Lahti|Lahti|K|1963|2917|87500|30|Yrjönkatu 7 B
Metsämaa|Lahti|K|1969|987|78000|79|Riekontie 9
Nastola-Villähde|Lahti|R|1982|1350|108000|80|Laulurastaantie 14
Keskusta|Lahti|K|2023|4875|312000|64|Onnelantie 2 A
Ankkuri|Lahti|K|2000|2587|119000|46|Tyyrpuurinkatu 4 B
Paavola|Lahti|K|1972|2116|73000|34.5|Elokatu 4
Ahtiala|Lahti|R|2006|2129|149000|70|Harjuniemenkatu 1-3
Keskusta|Lahti|K|1948|2684|179800|67|Aleksanterinkatu 33
Nastola|Lahti|K|1956|665|74500|112|Maitotie 2
Nastola-Kirkonkylä|Lahti|K|1956|610|44500|73|Maitotie 2
Ankkuri|Lahti|K|2010|2400|144000|60|Pollarikatu 7
Keskusta|Lahti|K|2015|3878|159000|41|Päijänteenkatu 7 A
Ankkuri|Lahti|K|2011|2745|129000|47|Paapuurinkatu 4
Pyhättömänmäki|Lahti|K|1965|1348|89000|66|Laitakatu 5 A
Keijupuisto|Lahti|K|2006|2023|89000|44|Keijutie 9
Pyhätön|Lahti|K|1960|1895|144000|76|Laitakatu 14 A
Tonttila|Lahti|K|1973|1160|109000|94|Ala-Tonttilankatu 7 As
Hennala|Lahti|K|2019|535|24603|46|Wolter Ramsayn katu 9
Riihelä|Lahti|K|1978|1196|64000|53.5|Törmäkatu 13
Liipola|Lahti|K|1974|730|44900|61.5|Pihtikatu 7 C
Paavola|Lahti|K|2014|3429|240000|70|Vesijärvenkatu 21 A
Kerinkallio|Lahti|R|1985|1665|149000|89.5|Kerinkallionkatu 11 as
Mukkula|Lahti|K|1967|754|69000|91.5|Timonkatu 7 B
Asemantausta|Lahti|K|2011|2976|125000|42|Radansivunkatu 10
Hennala|Lahti|K|1963|1459|89000|61|Sorvarinkatu 6
Kiveriö|Lahti|K|1964|1427|107000|75|Juustilankatu 11 A
Hennala|Lahti|K|1959|1407|95000|67.5|Sorvarinkatu 2
Keskusta|Lahti|K|1937|3421|958000|280|Vapaudenkatu 10 B
Möysä|Lahti|K|1922|4141|265000|64|Sammuttajankatu 7 B
Jalkaranta|Lahti|R|1980|996|135000|135.5|Nallekatu 2 as
Keskusta|Lahti|K|2008|2544|145000|57|Vesijärvenkatu 31b B
Keskusta|Lahti|K|1911|2051|160000|78|Rautatienkatu 3
Laune|Lahti|R|1992|1398|69900|50|Rahkakatu 8-10
Metsäpelto|Lahti|R|1947|1369|109500|80|Heinlammintie 38
Laune|Lahti|O|1953|1803|220000|122|Vanamontie 20
Saksala|Lahti|R|1980|1951|120000|61.5|Pähkinäkuja 4 as
Keskusta|Lahti|K|1987|2186|129000|59|Vesijärvenkatu 5 D
Keskusta|Lahti|K|1959|1963|159000|81|Hämeenkatu 7 A
Pirttiharju|Lahti|O|1992|1851|285000|154|Talvikuja 2
Keskusta|Lahti|K|1960|2874|194000|67.5|Vuorikatu 7
Takalankatu 11|Lahti|O|1999|2233|268000|120|Takalankatu 11
Villähde|Lahti|O|0|792|99000|125|Välitie 4
Ahtiala|Lahti|O|1993|2602|268000|103|Siimakatu 4
Keskusta|Lahti|K|1938|3148|255000|81|Mariankatu 6
Karisto|Lahti|R|2018|2846|212000|74.5|Kuusenlatvankatu 3
Mukkula|Lahti|K|1968|649|37000|57|Tanssimäenkatu 12 B
Keskusta|Lahti|K|1960|1938|93000|48|Aleksanterinkatu 3
Keskusta|Lahti|K|1963|1765|75000|42.5|Vesijärvenkatu 3
Asemantausta|Lahti|R|2000|2384|149000|62.5|Vasamakatu 2 as
Villähde|Lahti|O|1978|1065|99000|93|Suppalantie
Keskusta|Lahti|K|2008|2708|130000|48|Sammonkatu 1
Möysä|Lahti|K|1962|1242|59000|47.5|Viipurintie 3 A
Keskusta|Lahti|K|1931|1784|380000|213|Rautatienkatu 13 B
Keskusta|Lahti|K|1961|2097|195000|93|Aleksanterinkatu 1 B
Metsämaa|Lahti|K|1968|753|55000|73|Huuhkajantie 4
Viuha|Lahti|O|2007|2508|499000|199|Vihmakatu 10
Möysä|Lahti|K|2024|4725|196100|41.5|Sammuttajankatu 9 A 25
Metsämaa|Lahti|K|1972|1070|69000|64.5|Riekontie 7 A
Ahtiala|Lahti|R|1977|1725|138000|80|Mansikkapolku 3 A
Kullankukkula|Lahti|R|1987|2228|205000|92|Kullankukkulankatu 2
Ahtiala|Lahti|R|2006|2333|126000|54|Harjuniemenkatu 1-3 B
Ahtiala|Lahti|K|1980|816|62000|76|Puolukkapolku 6 B
Keskusta|Lahti|K|1958|1329|95000|71.5|Hämeenkatu 16
Niemi|Lahti|K|1984|2255|115000|51|Kivakatu 14 A
Pyhätön|Lahti|K|1965|1273|84000|66|Laitakatu 5 A
Kerinkallio|Lahti|R|1984|2093|158000|75.5|Kerinkallionkatu 9 B
Nikkilä|Lahti|O|2003|1702|349000|205|Eräkatu 1 as
Kivimaa|Lahti|K|2016|3057|107000|35|Vuoripojankatu 13
Keskusta|Lahti|K|1962|3000|96000|32|Sibeliuksenkatu 4
Keskusta|Lahti|K|1937|1771|85000|48|Harjukatu 21
Keskusta|Lahti|K|1956|1852|113000|61|Vapaudenkatu 15
Kiveriö|Lahti|O|1952|1330|125000|94|Kiveriönkatu 46
Metsäpelto|Lahti|R|1947|613|49000|80|Heinlammintie 56
Liipola|Lahti|K|1973|982|80000|81.5|Eteläinen Liipolankatu 12 D
Metsäpelto|Lahti|K|1964|1118|95000|85|Metsäpellontie 47 B
Keskusta|Lahti|K|1962|2514|91750|36.5|Vuoksenkatu 8 A
Möysä|Lahti|K|1966|1851|124000|67|Möysänkatu 7 A
Hennala|Lahti|K|2011|2752|205000|74.5|Rykmentinkatu 12 As
Möysä|Lahti|K|1922|3035|129000|42.5|Sammuttajankatu 7 B
Nastola|kk. Lahti|K|2006|1816|187000|103|Aurantie 2 as
Keskusta|Lahti|K|1938|2460|155000|63|Vuorikatu 37
Okeroinen|Lahti|O|2020|2810|295000|105|Joukolankatu 6
Paavola|Lahti|K|2001|2593|118000|45.5|Kymintie 4 A
Ahtiala|Lahti|K|1992|1215|82000|67.5|Roopenkuja 2
Keskusta|Lahti|K|1964|3425|199000|58.1|Hämeenkatu 9 as
Paavola|Lahti|K|1956|1381|49700|36|Harjulankatu 10 A
Keskusta|Lahti|K|1937|2642|280000|106|Harjukatu 16
Jalkaranta|Lahti|K|1971|1899|189000|99.5|Sarvikatu 18-20 A
Asemantausta|Lahti|K|1993|1435|89000|62|Vasamakatu 7
Kartano|Lahti|K|1958|2136|114700|53.7|Lahdenkatu 18
Kiveriö|Lahti|K|1967|1500|84000|56|Juustilankatu 5
Vesterås|Lahti|O|1949|1508|189000|125.3|Vuoripojankatu 38
Keskusta|Lahti|K|1938|2975|119000|40|Mariankatu 6 B
Kivimaa|Lahti|K|1966|696|55000|79|Hörölänkatu 8
Karisto|Lahti|O|2025|2262|380000|168|Niittylähteenkatu 5
Keskusta|Lahti|K|2018|4359|279000|64|Hämeenkatu 12
Nastola|Lahti|K|2014|2141|189500|88.5|Hiekkatie 7
Myllypohja|Lahti|O|1958|680|68000|100|Kirjavakatu 3
Laune|Lahti|K|2014|2854|137000|48|Vanhanladonkatu 3 D
Karisto|Lahti|R|2016|2737|199800|73|Kivirinteenkatu 2
Jalkaranta|Lahti|K|1975|1655|134878|81.5|Vuorisenkatu 3 A
Jalkaranta|Lahti|K|2020|574|25266|44|Honkakatu 11
Ahtiala|Lahti|K|1988|1467|88000|60|Ahtialan selkätie 23
Keskusta|Lahti|K|1960|1595|59000|37|Karjalankatu 23 A
keskusta|Lahti|K|1938|2493|359000|144|Hämeenkatu 21 A
Jalkaranta|Lahti|O|2022|4280|749000|175|Killenkatu 5
Saksala|Lahti|K|1976|1227|92000|75|Tuomikatu 5
Nastola-Rakokivi|Lahti|R|1985|1162|89500|77|Koulutie 12
Metsäkangas|Lahti|K|1963|776|38000|49|Kasakkamäentie 20 B
Keskusta|Lahti|K|1956|2477|109000|44|Kolkankatu 24 A
Ahtiala|Lahti|O|1950|1489|134000|90|Latosaarentie 2
Jalkaranta|Lahti|O|2022|5024|839000|167|Jalkarannantie 71b
Keskusta|Lahti|K|1991|2931|85000|29|Vesijärvenkatu 10 B
Kasakkamäki|Lahti|O|2005|2032|449000|221|Rumpalinkatu 8
Rakokivi|Lahti|R|1984|1400|112000|80|Vasaratie 7 B
Paavola|Lahti|K|1984|2089|117000|56|Onnelantie 27 B
Renkomäki|Lahti|O|1985|1078|194000|180|Helykuja 4
Nastola|Lahti|K|1977|847|58000|68.5|Vasaratie 6
Paavola|Lahti|K|1984|1190|75000|63|Onnelantie 30 A
Keskusta|Lahti|K|1958|2171|178000|82|Hämeenkatu 3
Kirveskatu 8 A|Lahti|K|1967|1060|62000|58.5|Kirveskatu 8 A
Laune|Lahti|O|1949|990|99000|100|Mustamäenkatu 60
Pirttiharju|Lahti|O|1956|1158|139000|120|Pirttiharjunkatu 46
Metsäkangas|Lahti|K|1980|829|46000|55.5|Suitsikatu 2
Renkomäki|Lahti|O|1991|1889|238000|126|Lakkitehtaantie 77
Keskusta|Lahti|K|1960|3215|229900|71.5|Kauppakatu 2
Kärpänen|Lahti|K|1985|1441|49000|34|Palokunnantie 1 A
Möysä|Lahti|K|1970|1446|47000|32.5|Tulikallionkatu 4 A
Patomäki|Lahti|O|1974|1568|185000|118|Varpusenkatu 6
Nastola|Lahti|O|2005|1743|237000|136|Sateenkaarentie 12
Keskusta|Lahti|K|1970|1255|69000|55|Vuoksenkatu 4 A
Karisto|Lahti|R|2008|2422|195000|80.5|Apteekkarinkatu 1 B
Anttilanmäki|Lahti|O|1925|1696|368000|217|Polkukuja 4
Ruoriniemi|Lahti|K|2023|3652|257492|70.5|Ruoriniemenkatu 1 B 25
Keskusta|Lahti|K|1958|1911|125000|65.4|Vesijärvenkatu 36
Kärpänen|Lahti|R|1987|2041|149000|73|Turhalankatu 1 as
Keskusta|Lahti|K|1960|3822|86000|22.5|Vuorikatu 7 B
Metsäkangas|Lahti|K|1980|770|57000|74|Suitsikatu 2
Riihelä|Lahti|O|1979|1555|185000|119|Laihokatu 5
Ahtiala|Lahti|K|1992|1213|45500|37.5|Sipurantie 6 K
Jalkaranta|Lahti|K|1972|1060|62000|58.5|Kiikkulankatu 5 c
Kunnas|Lahti|R|1992|1516|119000|78.5|Pitkäsuonkatu 46 B
Pesäkallio|Lahti|R|2005|1690|169000|100|Pesärinteenkatu 4 as
Asemantausta|Lahti|K|1991|2290|166000|72.5|Uudenmaankatu 11 A
Villähde|Lahti|O|1944|2551|125000|49|Villähteentie 324
Kytölä|Lahti|O|1985|1437|148000|103|Lehväkatu 8
Villähde|Lahti|O|1960|500|32000|64|Notkontie 82
Möysä|Lahti|K|1963|1590|167000|105|Viipurintie 5 A
Möysä|Lahti|K|1966|2380|59500|25|Karjalankatu 39 A
Ahtiala|Lahti|K|1976|594|19900|33.5|Mansikkakatu 3 C
Jalkaranta|Lahti|R|1984|2024|172000|85|Kankaankatu 4-6 D
Kerinkallio|Lahti|R|1990|2046|179000|87.5|Pajukatu 8
Nastola|Lahti|O|2008|1300|132000|101.5|Turranmetsäntie 26
Kasakkamäki|Lahti|R|1974|1912|130000|68|Saviruukinkatu 13 AS
Kerinkallio|Lahti|K|1974|1084|84000|77.5|Jyrkänkatu 11
Tulikallionkatu 3 B|Lahti|K|1971|1135|105000|92.5|Tulikallionkatu 3 B
Tonttila|Lahti|K|1984|997|34900|35|Ristkarinkatu 4 A
Vesijärvenkatu 31 b B|Lahti|K|2008|3099|265000|85.5|Vesijärvenkatu 31 b B
Kiveriö|Lahti|K|1959|1183|61500|52|Kiveriönkatu 9
Ahtiala|Lahti|R|1986|2155|139000|64.5|Vanha Ahtialantie 130
Ahtiala|Lahti|O|1980|1404|158000|112.5|Peltolankatu 8
Tonttila|Lahti|K|1972|763|45000|59|Ala-Tonttilankatu 11 B
Nastonharju|Lahti|K|1967|527|39000|74|Kausantie 34 A 2
Keskusta|Lahti|K|1959|2012|165000|82|Oikokatu 6
Mukkula|Lahti|K|1981|907|39000|43|Ritaniemenkatu 10 D
Mukkula|Lahti|K|1981|907|39000|43|Ritaniemenkatu 10 D
Tonttila|Lahti|K|1974|673|39700|59|Aittapellonkatu 6 B
Metsämaa|Lahti|K|1969|899|80000|89|Riekontie 9
Jalkaranta|Lahti|O|1977|1987|238000|119.8|Havukatu 9
Paavola|Lahti|K|1995|2115|129000|61|Laaksokatu 3
Nastola-Kirkonkylä|Lahti|R|1988|1441|103000|71.5|Nousutie 12
Renkomäki|Lahti|O|2023|3364|259000|77|Pohjantähdenkatu 3
Kilpiäinen|Lahti|O|1981|1588|189000|119|Kilpukankatu 8
Koiskala|Taivaanranta Lahti|O|2021|3136|599000|191|Silkkitie 10
Kivimaa|Lahti|K|1968|929|79000|85|Katajakatu 3 as
Mukkula|Lahti|K|1981|907|39000|43|Ritaniemenkatu 10 C
Mukkula|Lahti|K|1968|868|73800|85|Pussikatu 2 D
Keskusta|Lahti|K|1959|1974|75000|38|Mariankatu 17
Kivimaa|Lahti|K|2016|2513|149500|59.5|Vuoripojankatu 13
Mukkula|Lahti|K|1965|562|25000|44.5|Tanssimäenkatu 9
Kunnas|Lahti|O|1994|1726|189000|109.5|Vallikatu 1
Ahtiala|Lahti|O|1949|1161|159000|137|Lehikonkatu 1
Keskusta|Lahti|K|1946|1492|79800|53.5|Kauppakatu 37
Tonttila|Lahti|K|1983|1133|85000|75|Aittapolku 1 A
Hörölä|Lahti|K|1965|1211|69000|57|Kyrölänkatu 3
Karisto|Lahti|O|2014|2180|399000|183|Posteljooninkatu 26
Niemi|Lahti|K|1964|765|57000|74.5|Tietotie 2 B
Kärpänen|Lahti|R|2021|2875|184000|64|Turhalankatu 7
Möysä|Lahti|K|1922|3651|115000|31.5|Sammuttajankatu 7 A
Liipola|Lahti|K|1973|524|16500|31.5|Huippukatu 1A5
Riihelä|Lahti|K|2016|519|23613|45.5|Törmäkatu 2 b A 03
Ahtiala|Lahti|K|1992|1022|69000|67.5|Roopenkuja 2 A
Keskusta|Lahti|K|1942|3449|119000|34.5|Vesijärvenkatu 20
Möysä|Lahti|O|1962|3400|680000|200|Viipurintie 26
Keski-Lahti|Lahti|K|1962|2699|139000|51.5|Vuorikatu 8 A
Metsäkangas|Lahti|K|1978|873|69000|79|Satulakatu 4-6
Luhtaanmaa|Lahti|O|1983|1238|99000|80|Kumiantie 776
Nastola|Lahti|K|1975|973|35500|36.5|Pekkalantie 6
Asemantausta|Lahti|K|2025|4242|254500|60|Vahva-Jussin lenkki 27 A32
Asemantausta|Lahti|K|2025|4004|320300|80|Vahva-Jussin lenkki 27 A31
Asemantausta|Lahti|K|2025|3926|314100|80|Vahva-Jussin lenkki 27 A25
Asemantausta|Lahti|K|2025|3888|311000|80|Vahva-Jussin lenkki 27 A19
Asemantausta|Lahti|K|2025|3770|301600|80|Vahva-Jussin lenkki 27 A13
Asemantausta|Lahti|K|2025|3731|298500|80|Vahva-Jussin lenkki 27 A7
Asemantausta|Lahti|K|2025|4283|257000|60|Vahva-Jussin lenkki 27 A36
Asemantausta|Lahti|K|2025|4118|247100|60|Vahva-Jussin lenkki 27 A20
Asemantausta|Lahti|K|2025|3706|213100|57.5|Vahva-Jussin lenkki 27 A29
Asemantausta|Lahti|K|2025|3635|209000|57.5|Vahva-Jussin lenkki 27 A23
Asemantausta|Lahti|K|2025|3598|206900|57.5|Vahva-Jussin lenkki 27 A17
Asemantausta|Lahti|K|2025|4486|208600|46.5|Vahva-Jussin lenkki 27 A37
Asemantausta|Lahti|K|2025|4564|203100|44.5|Vahva-Jussin lenkki 27 A30
Asemantausta|Lahti|K|2025|3323|191100|57.5|Vahva-Jussin lenkki 27 A1
Keski-Lahti|/ Keskusta Lahti|K|1962|2300|138000|60|Yrjönkatu 3
Soltti|Lahti|O|1955|2150|172000|80|Tervaskatu 10
Pyhätön|Lahti|K|1963|1731|135000|78|Vesitorninkatu 16
Metsäpelto|Lahti|O|2001|2080|338000|162.5|Metsärinteenkatu 16
Kilpiäinen|Lahti|R|1980|1606|128500|80|Kilpiäistentie 4
Keskusta|Lahti|K|1951|1556|98000|63|Aleksanterinkatu 30
Tonttila|Lahti|K|1978|1688|54000|32|Aittapellonkatu 3 A
Riihelä|Lahti|R|1987|1494|115000|77|Uotilankatu 79 A
Kivimaa|Lahti|K|1967|914|64000|70|Kyrölänkatu 2
Kaukkari|Lahti|O|1957|1288|179000|139|Variksenkatu 2
Paavola|Lahti|K|1956|1400|63000|45|Harjulankatu 10 A
Tonttila|Lahti|K|1972|593|35000|59|Ala-Tonttilankatu 11 A
Kivimaa|Lahti|K|2016|515|24984|48.5|Kyrölänkatu 1b A 24
Kumia|Lahti|O|1969|838|119000|142|Alhaistentie 9
Asemantausta|Lahti|K|2024|611|33894|55.5|Vahva-Jussin lenkki 11
Lahti|Lahti|K|1951|7336|1900000|259|Hämeenkatu 24
Keskusta|Lahti|K|1911|2918|372000|127.5|Vapaudenkatu 4 B
Kilpiäinen|Lahti|R|1988|1414|198000|140|Kilpiäistentie 5 a 2
Kiveriö|Lahti|O|1956|1263|125000|99|Kelohongantie 1
Keskusta|Lahti|K|1939|1657|275000|166|Kirkkokatu 11 A
Keskusta|Lahti|K|1959|2770|169000|61|Kirkkokatu 3 D
Keskusta|Lahti|K|1984|2207|128000|58|Kulmakatu 3
Nastola|Lahti|K|1970|614|35000|57|Kausantie 30 A
Riihelä|Lahti|K|1978|994|89000|89.5|Törmäkatu 15 F
Möysä|Lahti|K|1963|1386|115000|83|Viipurintie 5 A
Metsäpelto|Lahti|K|1966|763|50000|65.5|Annikintie 3
Riihelä|Lahti|K|1978|769|55000|71.5|Törmäkatu 15 E
Paavola|Lahti|K|1939|2236|199000|89|Karjalankatu 12
Kivimaa|Lahti|R|1946|963|77000|80|Heinlammintie 58A
Paavola|Lahti|K|1929|3440|129000|37.5|Lounaankatu 2
Villähde|Lahti|R|1976|712|148000|208|Mustarastaantie 13 As
Jalkaranta|Lahti|O|1967|1447|275000|190|Kuhilaankatu 10
Riihelä|Lahti|R|1978|1547|119000|76.9|Uotilankatu 24
Möysä|Lahti|O|1989|2470|415000|168|Tenavankatu 27A
Kiveriö|Lahti|K|1961|2230|134900|60.5|Kiveriönkatu 12 B
Kivimaa|Lahti|K|1950|1341|55000|41|Lepolankatu 18 C
Tonttila|Lahti|K|1978|1100|82500|75|Aittapellonkatu 3 A
Möysä|Lahti|K|1971|859|79500|92.5|Tulikallionkatu 4 A
Saksala|Lahti|K|1973|803|49000|61|Poppelipolku 3 G
Keskusta|Lahti|K|1997|1792|95000|53|Kulmakatu 12 B
Kärpänen|Lahti|R|1973|1505|169800|112.8|Kaivotontinkatu 6
Keskusta|Lahti|K|1989|3089|149500|48.4|Hämeenkatu 20-22
Nastola|Lahti|O|1973|758|169000|223|Ruistie 2
Keskusta|Lahti|K|2007|3163|155000|49|Seponkatu 1 b A
Niemi|Lahti|K|1974|1339|79000|59|Omenapellontie 5 E
Keski-Lahti|Lahti|K|1963|2316|154000|66.5|Vesijärvenkatu 4 A
Keskusta|Lahti|K|1955|2165|105000|48.5|Oikokatu 9
Möysä|Lahti|K|1964|1442|119000|82.5|Viipurintie 7 B
Keskusta|Lahti|K|1949|2113|169000|80|Vuorikatu 5 B
Ahtiala|Lahti|R|1981|1663|163000|98|Nestorinkatu 6 A
Metsäkangas|Lahti|K|1980|844|65000|77|Suitsikatu 4 D
Paavola|Lahti|K|1939|1811|115000|63.5|Karjalankatu 18 A
Saksala|Lahti|R|1947|1623|125000|77|Pajukatu 12
Kärpänen|Lahti|K|1963|1000|49000|49|Kasakkamäentie 20
Jalkaranta|Lahti|K|1972|1129|79000|70|Kiikkulankatu 5
Karisto|Lahti|O|2010|2211|420000|190|Aurinkorinteenkatu 30
Sopenkorpi|Lahti|O|1941|1658|199000|120|Okeroistentie 46
Hennala|Lahti|K|2019|559|22905|41|Wolter Ramsayn katu 9
Kerinkallio|Lahti|K|1969|667|45000|67.5|Pihtikatu 14 B 48
Pyhätön|Lahti|O|1937|3360|289000|86|Supankatu 28
Renkomäki|Lahti|O|2001|1059|179000|169|Pekarinkatu 5
Mukkula|Lahti|K|2015|2657|89000|33.5|Timonkatu 3b A
Hennala|Lahti|K|2012|501|27529|55|Sorvarinkatu 26
Keskusta|Lahti|K|1955|3989|349000|87.5|Vesijärvenkatu 22
Myllypohja|Lahti|O|1992|1818|249000|137|Kumukatu 12
Keski-Lahti|Lahti|K|1956|3100|279000|90|Vapaudenkatu 15 B
Asemantausta|Lahti|R|2005|2278|262000|115|Tanhutie 1
Kivimaa|Lahti|R|1987|2080|169500|81.5|Kuusirinteenkatu 3
Keskusta|Lahti|K|1945|3826|285000|74.5|Hämeenkatu 28
Metsämaa|Lahti|K|1971|1180|59000|50|Huuhkajantie 6
Kivistönmäki|Lahti|K|1984|2015|138000|68.5|Kivakatu 12
Ahtiala|Lahti|O|0|850|85000|100|Pistosahankatu 3
Lapakatu 3 E|Lahti|K|1968|1228|89000|72.5|Lapakatu 3 E
Keski-Lahti|Lahti|K|1987|2394|79000|33|Vesijärvenkatu 5
Metsäpelto|Lahti|K|1967|1149|58000|50.5|Hörölänkatu 6
Niemi|Lahti|K|2019|3611|260000|72|Vuoripojankatu 13 B
Metsäkangas|Lahti|K|1975|1060|44500|42|Riimukatu 2
Keskusta|Keski-Lahti Lahti|K|1983|2380|119000|50|Kirkkokatu 29 A
Villähde|Lahti|O|2002|1909|315000|165|Tuhkatie 1
Paavola|Lahti|K|1960|1495|71000|47.5|Mustankalliontie 58 A
Nastola-Rakokivi|Lahti|K|1984|600|33000|55|Ruokoraitti 3
Patomäki|Lahti|O|1974|1525|183000|120|Palokärjenkatu 4
Mukkula|Lahti|R|1972|1575|189000|120|Vanhatie 24
Kärpänen|Lahti|K|1985|1846|96000|52|Palokunnantie 1
Möysä|Lahti|K|1968|1851|199000|107.5|Ahtialantie 3
Jalkaranta|Lahti|O|1962|1332|130000|97.6|Kuntokatu 1
Eskolanmäentie 18|Lahti|O|1950|1241|139000|112|Eskolanmäentie 18
Keskusta|Lahti|K|1957|2045|137000|67|Kulmakatu 6 A
Villähde|Lahti|K|1965|519|27500|53|Villähteentie 546
Mukkula|Lahti|K|1968|965|55000|57|Tanssimäenkatu 12 C
Möysä|Lahti|K|1971|1532|83500|54.5|Viipurintie 11 A
Keskusta|Lahti|K|1959|2808|219000|78|Rajakatu 2
Kiveriö|Lahti|O|1955|862|125000|145|Kivimäentie 57
Mukkula|Lahti|K|1965|887|67000|75.5|Pilkotunmäenkatu 7
Tonttila|Lahti|K|1974|896|69000|77|Aittapellonkatu 6
Paavola|Lahti|K|1959|1641|169000|103|Kiveriönkatu 13
Keskusta|Lahti|K|1957|2375|133000|56|Aleksanterinkatu 37 B
Laune|Lahti|K|1964|1274|79000|62|Mäntsäläntie 38 as
Ruoriniemi|Lahti|K|1998|4854|398000|82|Ruoriniemenkatu 28
Asemantausta|Lahti|K|2018|502|32855|65.5|Uudenpellonkatu 8
Mukkula|Lahti|K|1967|547|49500|90.5|Tanssimäenkatu 6 A
Hennala|Lahti|K|1913|1879|109000|58|Hennalankatu 267
Villähde|Lahti|K|1965|627|42000|67|Villähteentie 546
Asemantausta|Lahti|R|2001|1901|115000|60.5|Nuolikatu 5 as
Metsäkangas|Lahti|K|1979|864|48800|56.5|Riimukatu 4-6
Keijupuisto|Lahti|K|2018|3349|139000|41.5|Vanhanladonkatu 5 G
Malski|Lahti|K|2015|3465|149000|43|Panimokatu 16 A
Jalkaranta|Lahti|R|1976|1742|230000|132|Otsokatu 10 B
Hennala|Lahti|K|2020|3788|125000|33|Kasarmikatu 9 A
Paavola|Lahti|K|1938|548|51538|94|Karjalankatu 20
Tonttila|Lahti|K|1976|853|64000|75|Aittapellonkatu 7 A
Pyhätön|Lahti|K|1965|1423|79000|55.5|Laitakatu 3 A
Keskusta|Lahti|K|2000|3500|147000|42|Kirkkokatu 23
Mukkula|Lahti|K|1966|1169|69000|59|Tanssimäenkatu 4 B
Ruoriniemi|Lahti|K|2023|3652|257492|70.5|Ruoriniemenkatu 1b as. 25
Hörölä|Lahti|K|1966|1234|39500|32|Kyrölänkatu 8 B
Pyhätön|Lahti|K|1965|1500|99000|66|Laitakatu 5 A
Kilpiäinen|Lahti|R|1976|887|110000|124|Kevätkatu 13
Nastola|Lahti|O|2006|1870|259000|138.5|Havutie 6
Mukkula|Lahti|O|1970|1724|169000|98|Hankainkatu 4
Kilpiäinen|Lahti|K|1968|1136|37500|33|Poutakatu 6
Patoniitty|Lahti|R|2007|2054|189000|92|Puotikatu 4 as
Metsäpelto|Lahti|K|1967|1190|84500|71|Metsärinteenkatu 9
Keski-Lahden|kaupunginosa Lahti|K|1940|2200|173800|79|Karjalankatu 1
Möysä|Lahti|R|1990|2750|154000|56|Huhmarannankatu 4 B
Kiveriö|Lahti|K|1963|945|69000|73|Juustilankatu 6 B
Kärpänen|Lahti|O|1991|1633|289000|177|Harjunalustankatu 9
Kivistönmäki|Lahti|K|1972|1318|145000|110|Metsästäjänkatu 4 A
Keskusta|Lahti|K|2017|4093|88000|21.5|Rautatienkatu 5
Paavola|Lahti|K|1982|1857|169000|91|Onnelantie 29
Nastola|kk. Lahti|R|1980|920|69000|75|Saratie 1 as
Mukkula|Lahti|K|1968|651|54000|83|Mukkulankatu 34 A
Metsäpelto|Lahti|K|1963|1450|41325|28.5|Pohjanakanpolku 6 5
Kilpiäinen|Lahti|R|1981|1474|129000|87.5|Esikonkatu 4
Metsäkangas|Lahti|K|1980|811|60000|74|Suitsikatu 2 B
Metsäkangas|Lahti|K|1979|1074|60700|56.5|Riimukatu 4-6 F
Kasakkamäki|Lahti|K|1973|835|66000|79|Kasakkamäentie 11
Metsäkangas|Lahti|K|1975|784|49000|62.5|Valjaskatu 2-4 C
Nastonharju|Lahti|K|1978|827|62000|75|Niinitie 68 as
Jalkaranta|Lahti|K|1971|5025|299000|59.5|Rullakatu 20
Kilpiäinen|Lahti|K|1968|844|59900|71|Kevätkatu 5 G
Karisto|Lahti|O|2009|2365|350000|148|Kanttorinkatu 8 D
Riihelä|Lahti|R|1981|1076|85000|79|Erviänkatu 42 AS
Kiveriö|Lahti|K|1963|1341|59000|44|Hirsimetsäntie 64 As
Hennala|Lahti|K|1963|1743|122000|70|Sorvarinkatu 6
Mäkelä|Lahti|O|2023|2604|237000|91|Kumiantie 165
Keskusta|Lahti|K|1954|2081|129000|62|Mariankatu 25 B
Hennala|Lahti|K|1988|1865|69000|37|Sorvarinkatu 1
Asikkalantie 1-3 A|Lahti|R|1985|1163|89000|76.5|Asikkalantie 1-3 A
Nastola|Lahti|R|1989|1209|139000|115|Suntiontie 11
Keskusta|Lahti|K|1954|1278|69000|54|Vesijärvenkatu 48
Keskusta|Lahti|K|1947|1940|97000|50|Hämeenkatu 23 C
Renkomäki|Lahti|O|2012|2567|439000|171|Jarmolankatu 5
Pyhätön|Lahti|K|1962|1778|48000|27|Vesitorninkatu 20 as 7
Sopenkorpi|Lahti|K|2013|3631|128900|35.5|Hämeenlinnantie 18
Möysä|Lahti|K|1960|1482|83000|56|Ahtialantie 5
Tonttila|Lahti|K|1969|783|45000|57.5|Riihitarhankatu 3
Keskusta|Lahti|K|1938|3354|597000|178|Hämeenkatu 21
Möysä|Lahti|K|1960|1238|65000|52.5|Karjalankatu 23
Hörölä|Lahti|K|1967|1200|84000|70|Kyrölänkatu 4
Kivimaa|Lahti|K|1983|2224|169000|76|Kivakatu 18
Renkomäki|Lahti|O|1958|1675|139000|83|Kiertokatu 24
Hennala|Lahti|K|1959|2075|49800|24|Sorvarinkatu 2
Keskusta|Lahti|K|1995|2743|369000|134.5|Saimaankatu 13
Mukkula|Lahti|K|1965|1271|37500|29.5|Tanssimäenkatu 9
Jalkaranta|Lahti|K|1989|2532|157000|62|Honkalankuja 4
Möysä|Lahti|K|2024|5335|221400|41.5|Sammuttajankatu 9 A 31
Hennala|Lahti|K|2016|514|23149|45|Wolter Ramsayn katu 4
Pyhätön|Lahti|K|1959|1048|44000|42|Laitakatu 10
Saksala|Lahti|K|1975|1531|49000|32|Tuomikatu 3 A
Keskusta|Lahti|K|1997|1748|139000|79.5|Kulmakatu 10 as
Metsäkangas|Lahti|K|1979|932|69000|74|Hakkapeliitankatu 14 A
Liipola|Lahti|K|1974|1079|82000|76|Pihtikatu 7 B
Keskusta|Lahti|K|2018|4306|137800|32|Hämeenkatu 12
Villähde|Lahti|O|2022|3877|849000|219|Kärkjärventie 7
Mukkula|Lahti|K|2013|2500|95000|38|Huvikatu 8
Asemantausta|Lahti|K|2024|564|39767|70.5|Vahva-Jussin lenkki 9
Laune|Lahti|K|1990|1780|89000|50|Mustamäenkatu 21
Metsäkangas|Lahti|K|1980|644|59900|93|Suitsikatu 2-4
Kytölä|Lahti|R|2026|3192|316000|99|Vuorelankatu 8 A1
Möysä|Lahti|O|1950|2303|410000|178|Pitkäkatu 34
Nastola/Rakokivi|Lahti|K|2011|2117|127000|60|Hiekkatie 9 A
Renkomäki|Lahti|O|1987|1721|179000|104|Renkokatu 15
Paavola|Lahti|K|1973|2066|126000|61|Kiveriönkatu 3 as. 23
Nastola|Lahti|K|1969|608|45000|74|Kausantie 32 B
Asemantausta|Lahti|K|2024|578|40180|69.5|Vahva-Jussin lenkki 9
Uusikylä|Lahti|O|1954|715|108000|151|Uudenkyläntie 13
Pyhätön|Lahti|O|1981|1125|180000|160|Huvilakatu 10
Keskusta|Lahti|K|1962|1880|94000|50|Vuorikatu 9 A
Metsäpelto|Lahti|O|0|867|78000|90|Pohjanakanpolku 13
Riihelä|Lahti|R|1978|1630|119000|73|Erviänkatu 31 B
Kärpänen|Lahti|K|2012|1524|62500|41|Päivärinteenkatu 19 as
Jalkaranta|Lahti|R|2022|2943|359000|122|Tapanilankuja 1
Rakokivi|Lahti|K|1966|547|29000|53|Ruokotie 4 B
Ahtiala|Lahti|R|2023|3900|195000|50|Vallesmanninkatu 1
Jalkaranta|Lahti|K|1975|1616|69500|43|Vuorisenkatu 3
Paavola|Lahti|K|2021|3440|129000|37.5|Lounaankatu 2
Mukkula|Lahti|K|1966|1179|89000|75.5|Pilkotunmäenkatu 5
Nastola|Lahti|R|1978|1190|69000|58|Nousutie 21 as
Keskusta|Lahti|K|2023|5070|324500|64|Onnelantie 2 as 14
Keskusta|Lahti|K|2023|5341|235000|44|Onnelantie 2 as 15
Liipola|Lahti|K|1974|708|69000|97.5|Pihtikatu 7 C
Paavolan|kaupunginosa Lahti|K|1938|2196|109800|50|Karjalankatu 8
Tonttila|Lahti|K|1974|636|49000|77|Aittapellonkatu 6 C
Metsäpelto|Lahti|K|1963|1000|59000|59|Pohjanakanpolku 6 B
Ruoriniemi|Lahti|K|2021|2999|209900|70|Ruoriniemenkatu 7
Ruoriniemi|Lahti|K|2019|4417|318000|72|Ruoriniemenkatu 3
Keskusta|Lahti|K|1958|2278|149000|65.4|Vesijärvenkatu 36
Nastola|Lahti|K|1984|1000|58000|58|Ruokoraitti 3
Rakokivi|Lahti|R|2018|2041|148000|72.5|Sukeltajantie 4 as
Ahtiala|Lahti|O|1952|1375|110000|80|Vihreäkatu 2
Kilpiäinen|Lahti|O|1964|1300|169000|130|Kilpiäistentie 20
Keskusta|Lahti|K|1956|1979|95000|48|Vapaudenkatu 15 B
Nastola|Lahti|R|1974|965|82000|85|Katajatie 1 as
Keskusta|Lahti|K|2023|4603|359000|78|Onnelantie 2
Asemantausta|Lahti|K|1994|2508|148000|59|Kaarikatu 13 B
Keskusta|Lahti|K|2014|4490|179600|40|Kirkkokatu 19 c
Kiiskilänmäki|Lahti|O|1949|660|99000|150|Lumonkatu 6
Liipola|Lahti|K|1973|952|89000|93.5|Huippukatu 1
Nastola|Lahti|R|2023|2860|173000|60.5|Uimarintie 5 A4
Keskusta|Lahti|K|2018|4225|169000|40|Hämeenkatu 12
Mukkula|Lahti|K|1968|1565|108000|69|Pussikatu 2 H
Kokkokallio|Lahti|K|1973|1344|125000|93|Kokkokallionkatu 9
Tonttila|Lahti|K|1970|1138|37000|32.5|Ala-Tonttilankatu 6 A 33
Uusikylä|Lahti|K|1963|522|35000|67|Uudenkyläntie 59 C 15
Keskusta|Lahti|K|2017|5530|118900|21.5|Rautatienkatu 5 A14
sopenkorpi|Lahti|O|1950|1207|169000|140|okeroistentie 8